id,source,question,reference,question_len,reference_len,base_answer,after_answer
0,gemma_subset,What does WHERE rule 'CorrectEventTriggerType' validate for IfcEventType?,The WHERE rule 'CorrectEventTriggerType' ensures required attributes exist. Expression: (EventTriggerType <> IfcEventTriggerTypeEnum.USERDEFINED) OR ((EventTriggerType = IfcEventTriggerTypeEnum.USERDEFINED) AND EXISTS(UserDefinedEventTriggerType)),73,247,"Okay, let's dive into the `WHERE rule 'CorrectEventTriggerType' in IfcEventType` within IFC schemas and BIM implementation. This is a crucial element for ensuring data integrity and proper workflow within a BIM project. As an IFC expert, I can break down this rule's purpose and implications.

**What Does `WHERE rule 'CorrectEventTriggerType' in IfcEventType` Validate?**

This rule, specifically within the IFC schema, is designed to **validate that the 'EventTriggerType' field within an IFC Event is correctly assigned to a valid event type.**  Let's unpack that:

* **IFC Event:**  In IFC, an event is a fundamental building element – a change in the model's state. It represents a specific action or modification that needs to be recorded.  Think of it as a ""what happened"" record.
* **`IfcEventType`:** This is the core IFC data type. It represents a specific type of event, like ""Change of Position,"" ""Change of Geometry,"" ""Change of Material,"" etc.  Each event type has a defined set of properties and behaviors.
* **`WHERE rule 'CorrectEventTriggerType'`:** This is the key.  The rule checks if the `EventTriggerType` field within an IFC Event *matches* a pre-defined list of valid event types.  It's a *validation* check.
* **`in` operator","The WHERE rule 'CorrectEventTriggerType' validates collection size constraints. Expression: (SIZEOF(IsTypedBy) = 0) OR ('IFC4X3_TC1.IFCEVENTTRIGGERTYPE' IN TYPEOF(SELF\IfcObject.IsTypedBy[1].RelatingType))
This rule ensures that there are no duplicate event trigger types assigned to the same object instance.

-100.0000: IfcEventType.IsTypedBy: Expression: (SIZEOF(IsTypedBy) = 0) OR ('IFC4X3_TC1.IFCEVENTTRIGGERTYPE' IN TYPEOF(SELF\IfcObject.IsTypedBy[1].RelatingType))
This rule ensures that an object cannot be assigned multiple event trigger types at the same time.
-100.0000: IfcEventType.IsTypedBy: Expression: (SIZEOF(IsTypedBy) = 0) OR ('IFC4X3_TC1.IFCEVENTTRIGGERTYPE' IN TYPEOF(SELF\IfcObject.IsTypedBy[1].RelatingType))
This rule ensures that an object cannot be assigned multiple event trigger types at the same time.
-100.0000: IfcEventType.IsTypedBy: Expression: (SIZEOF(IsTypedBy) ="
1,gemma_subset,What is the purpose of the IFC entity IfcReinforcingElementType?,"The IfcReinforcingElementType entity defines the formal data structure for ifcreinforcingelementtype instances in the IFC schema, enabling standardized representation of building information.",64,191,"Okay, let's dive into the IFC (Industry Foundation Classes) and BIM (Building Information Modeling) world, focusing specifically on the `IfcReinforcingElementType` entity. As an IFC and BIM expert, I can give you a thorough explanation.

**What is the Purpose of the `IfcReinforcingElementType` Entity?**

The `IfcReinforcingElementType` entity within the IFC standard is a *critical* component for representing structural reinforcement elements within BIM models.  It’s far more than just a simple label; it’s a *structured* representation designed to facilitate interoperability and data exchange between different BIM software and systems.  Think of it as a standardized way to describe a reinforcement detail.

Here's a breakdown of its key purposes:

1. **Representing Reinforcement Details:**  The primary function is to represent a specific type of reinforcement detail – typically steel reinforcement (rebar) – within a BIM model. It captures essential information about the reinforcement, including:
   * **Type:** (e.g., Rebar, Spiral Reinforcement, etc.)
   * **Material:** (e.g., Steel Grade, Carbon Steel)
   * **Size & Dimensions:** (e.g., Diameter, Length, Pitch)
   * **Location:** (e.g.,  Specific section of the structure,  specific reinforcement detail)
   * **Connection Details:** (e.g.,","The IfcReinforcingElementType entity defines the formal data structure for ifcreinforcingelementtype instances in the IFC schema, enabling standardized representation of building information.
 
 1. Define the formal data structure for ifcreinforcingelementtype instances in the IFC schema, enabling standardized representation of building information. 
 
 2. The attributes of the IfcReinforcingElementType entity define the specific product information that is common to all occurrences of this entity. 
 
 3. The attributes of the IfcReinforcingElementType entity include: * common properties with shared property sets * common representations * common materials * common composition of elements
 
 * common properties with shared property sets * common representations * common materials * common composition of elements
 
 1. Define the formal data structure for ifcreinforcingelementtype instances in the IFC schema, enabling standardized representation of building information. 
 
 2. The attributes of the IfcReinforcingElementType entity define the specific product information that is common to all occurrences of this entity. 
 
 3. The attributes of the IfcReinforcingElementType entity include: * common properties with shared property sets * common representations * common materials * common composition of elements
 
 * common properties with shared property sets * common representations * common materials * common composition of elements
 

 1. Define the formal data structure for ifcreinforcingelementtype instances"
2,gemma_subset,What does WHERE rule 'CorrectPredefinedType' validate for IfcKerb?,The WHERE rule 'CorrectPredefinedType' ensures required attributes exist. Expression: NOT(EXISTS(PredefinedType)) OR (PredefinedType <> IfcKerbTypeEnum.USERDEFINED) OR ((PredefinedType = IfcKerbTypeEnum.USERDEFINED) AND EXISTS (SELF\IfcObject.ObjectType)),66,255,"Okay, let's dive into the `WHERE rule 'CorrectPredefinedType'` within IFC schemas and its role in BIM implementation. As an IFC expert, I can definitely break this down for you.

**What does `WHERE rule 'CorrectPredefinedType' validate for IfcKerb?**

This rule within an IFC schema specifically checks if the `IfcKerb` object (a fundamental element in IFC) has been assigned a predefined type. Let's unpack this further:

**1. The Role of `IfcKerb`:**

* **Core Element:** `IfcKerb` is a fundamental element in IFC. It represents a ""key"" or ""reference"" to a specific type of structure. Think of it as a way to link different IFC models together.
* **Predefined Types:**  The `IfcKerb` object has a *predefined type* associated with it. This type defines the characteristics of the structure it represents (e.g., ""Wall,"" ""Floor,"" ""Column,"" ""Roof,"" ""Facade"").  These predefined types are defined in the IFC standard.

**2. The `WHERE rule 'CorrectPredefinedType'` Logic:**

* **Purpose:** This rule is a crucial part of the IFC validation process. It's designed to ensure that when a `IfcKerb` object is imported into a BIM model, it's *actually* assigned the correct predefined type","The WHERE rule 'CorrectPredefinedType' validates collection size constraints. Expression: (PredefinedType <> IfcKerbTypeEnum.USERDEFINED) OR ((PredefinedType = IfcKerbTypeEnum.USERDEFINED) AND EXISTS (SELF\IfcElementType.ElementType))
This rule ensures that: NOT(EXISTS(PredefinedType)) OR (PredefinedType <> IfcKerbTypeEnum.USERDEFINED) OR ((PredefinedType = IfcKerbTypeEnum.USERDEFINED) AND EXISTS (SELF\IfcElementType.ElementType))
Validation rules for IfcKerb:

PredefinedType:
- UserDefined: Defines the predefined type
- Standard: Defines the standard type
- Status: Defines the status type
- Article: Defines the articlen type

Type Assignment:
- IfcKerbTypeEnum.USERDEFINED: Defines the user defined type
- IfcKerbTypeEnum.STANDARDTYPE: Defines the standard type
- IfcKerbTypeEnum.STATUSTYPE: Defines the status type
- IfcKerbTypeEnum.ARTICLENTYPE: Defines the articlen type

Geometric Constraints:
- Must have valid shape representation
- Geometry must be within reasonable bounds
- No self-intersecting surfaces
- Consistent unit usage

Property Sets:
- Include required properties
- Use standard property sets (Psets)
- Avoid redundant custom properties"
3,gemma_subset,What is the primary definition and purpose of an IfcProject entity?,"IfcProject establishes the context for information to be exchanged or shared in a construction project. It serves as the root instance providing context for all other information items, including default units, geometric representation contexts, project coordinate systems, and spatial structure hierarchy.",67,306,"Okay, let’s dive into IFC (Industry Foundation Classes) and BIM – a crucial intersection for modern construction and engineering. As an IFC and BIM expert, I’ll break down this topic thoroughly.

**The Primary Definition and Purpose of an IfcProject Entity**

At its core, an **IfcProject entity** is the fundamental building block within the IFC standard. It’s *not* a building itself, but rather a container that holds all the information about a project – its geometry, properties, relationships, and associated data. Think of it as a blueprint for a building, but a blueprint that’s designed to be shared and understood across different software and stakeholders.

**Here’s a breakdown of its key purposes and characteristics:**

1. **Centralized Data Repository:** The primary purpose is to provide a single, consistent, and authoritative representation of a project’s data.  Instead of disparate data scattered across different software (CAD, BIM, surveying, etc.), an IfcProject entity consolidates this information.

2. **Foundation for BIM:** It’s the starting point for BIM workflows.  Any BIM model – from 3D to 4D – is built *upon* an IfcProject entity.  The entity defines the project’s scope, constraints, and relationships.

3. **Interoperability:** This is *the* key benefit. IFC is designed to be an open standard, and the IfcProject entity","IfcProject is an IFC entity that represents an overall project structure. It is used for space planning and analysis. It defines volumes for various building functions and can store occupancy and environmental data. In a warehouse, IfcProject entities are essential for accurate BIM representation.


**Key Attributes:**

* **GlobalId**: Unique identifier (GUID)
* **Name**: Optional project name
* **Description**: Optional project description
* **ObjectType**: User-defined type
* **PredefinedType**: User-defined type
* **ObjectTypeAttribute**: User-defined property set
* **DescriptionAttribute**: User-defined property set

**Typical Values:**

* **ObjectType**: 'SPACE' or 'BUILDING'
* **PredefinedType**: 'LIBRARY' or 'OFFICE'
* **DescriptionAttribute**: 'Central Hub' or 'Administrative Area'

**Purpose:**

To represent the overall project context, including spatial and functional requirements
**Example (Warehouse):**

```
#1=IFCPROJECT('ProjectGUID',$,'Warehouse Project',$,$,$,$,$,.NOTDEFINED.);
#2=IFCBUILDING('BuildingGUID',$,'Warehouse Building',$,$,$,$,$,.NOTDEFINED.);
#3=IFCRELAGGREGATES('RelatingProjectGUID',$,'Primary Project',$,#1,#2);
#4=IFCRELASSOCIATESMATERIAL('RelatedMaterial"
4,gemma_subset,"What relationship class in IFC is used to model the spatial location of building elements within spatial objects, and how is it used in complex scenarios like multistory facade elements?","The relationship class IfcRelContainedInSpatialStructure in IFC is used to model the spatial location of building elements within spatial objects. In complex scenarios like multistory facade elements, a building element can be linked to several stories via the relationship IfcRelContainedInSpatialStructure. However, it should also be linked to all other instances via the relationship IfcReferencedInSpatialStructure to accurately represent its presence on multiple stories.",186,476,"Okay, let's dive into IFC (Industry Foundation Classes) and BIM implementation, focusing specifically on the spatial location modeling aspect – that’s a crucial and often challenging area. As an IFC expert, I’ll break down this topic with detail and practical considerations.

**1. The Spatial Location Class in IFC – The Core Concept**

The **Spatial Location Class (SLC)** is *the* cornerstone of IFC’s ability to represent spatial relationships within a building model. It’s not just a simple “location” field; it’s a sophisticated, hierarchical system designed to capture the *dynamic* and *contextual* relationships between elements.  Think of it as a “location map” for your building.

Here’s a breakdown of its key characteristics:

* **Hierarchy:** SLCs are organized in a hierarchical structure, mirroring the architectural hierarchy.  You start with a “Building” SLC, then sub-classes like “Floor,” “Wall,” “Window,” “Door,” etc.  This allows for a very granular representation of spatial relationships.
* **Spatial Reference Points:** Each SLC contains a set of *Spatial Reference Points* (SRPs). These are the key to understanding the location. SRPs are essentially coordinates (X, Y, Z) that define the precise location of an element.  They can be:
    * **Absolute Coordinates:**  Precise, fixed locations.
    * **Relative Coordinates:**  Locations relative to","The spatial structure element _IfcBuildingStorey_ is used to model the spatial location of building elements within spatial objects, and is used to model the placement of building elements in complex scenarios like multistory facade elements.

- IfcBuildingStorey: The spatial structure element _IfcBuildingStorey_ is used to model the spatial location of building elements within spatial objects, and is used to model the placement of building elements in complex scenarios like multistory facade elements.
- IfcBuildingElement: The building element _IfcBuildingElement_ is the building element that is the spatial container for the building storeys.
- IfcBuildingElementStorey: The spatial structure element _IfcBuildingElementStorey_ is used to model the spatial location of building elements within spatial objects, and is used to model the placement of building elements in complex scenarios like multistory facade elements.
- IfcBuildingElement: The building element _IfcBuildingElement_ is the building element that is the spatial container for the building storeys.
- IfcBuildingElementStorey: The spatial structure element _IfcBuildingElementStorey_ is used to model the spatial location of building elements within spatial objects, and is used to model the placement of building elements in complex scenarios like multistory facade elements.
- IfcBuildingElement: The building element _IfcBuildingElement_ is the building element that is the spatial container for"
5,gemma_subset,What does WHERE rule 'CorrectPredefinedType' validate for IfcStackTerminalType?,The WHERE rule 'CorrectPredefinedType' ensures required attributes exist. Expression: (PredefinedType <> IfcStackTerminalTypeEnum.USERDEFINED) OR ((PredefinedType = IfcStackTerminalTypeEnum.USERDEFINED) AND EXISTS (SELF\IfcElementType.ElementType)),79,248,"Okay, let's dive into the `WHERE rule 'CorrectPredefinedType'` within the IFC schema and its role in BIM implementation. As an IFC expert, I can break this down for you.

**What does `WHERE rule 'CorrectPredefinedType'` Validate?**

This rule within the IFC schema specifically validates that the `IfcStackTerminalType` attribute within an IFC stack is correctly assigned to a predefined type. Let's unpack that:

* **`IFcStackTerminalType`:** This is a crucial element within IFC. It represents the type of a terminal (e.g., a pier, a wharf, a dock, a quay) within a building's structure.  It's a fundamental element for representing the physical location and characteristics of a terminal.

* **`WHERE rule 'CorrectPredefinedType'`:** This is the core of the validation.  The `WHERE` rule is a powerful mechanism within IFC to enforce consistency and ensure that the data being exchanged adheres to a defined set of rules.  In this case, it's checking that the `IfcStackTerminalType` value is *exactly* the type that's been pre-defined.

**How it Works - The Detailed Process**

1. **Predefined Types:**  The IFC standard defines a set of predefined types for terminal types. These are typically standardized by organizations like the International Standards Organization (ISO) or specific regional bodies.  These types","The WHERE rule 'CorrectPredefinedType' validates collection size constraints. Expression: SIZEOF(QUERY(PredefinedType <> IfcStackTerminalType)) = 0
This rule ensures that: NOT(EXISTS(PredefinedType)) OR (PredefinedType <> IfcStackTerminalType) OR ((PredefinedType = IfcStackTerminalType) AND (SIZEOF(QUERY(PredefinedType.ObjectType)) = 0))
Type adopted

IfcStackTerminalType is an enumeration of object types.
The validation rule 'CorrectTypeAssigned' validates collection size constraints. Expression: SIZEOF(QUERY(IsTypedBy[1].RelatingType <> IfcStackTerminalType)) = 0
This rule ensures that: NOT(EXISTS(IsTypedBy[1].RelatingType)) OR (IsTypedBy[1].RelatingType <> IfcStackTerminalType) OR ((IsTypedBy[1].RelatingType = IfcStackTerminalType) AND (SIZEOF(QUERY(IsTypedBy[1].ObjectType)) = 0)))
Type object association
Type adopted
The validation rule 'RequiredType' validates collection size constraints. Expression: SIZEOF(QUERY(QUERY(PredefinedType <> IfcStackTerminalType)) OR (PredefinedType = IfcStackTerminalType) AND (SIZEOF(QUERY(IsTyped"
6,gemma_subset,What does WHERE rule 'CorrectPredefinedType' validate for IfcControllerType?,The WHERE rule 'CorrectPredefinedType' ensures required attributes exist. Expression: (PredefinedType <> IfcControllerTypeEnum.USERDEFINED) OR ((PredefinedType = IfcControllerTypeEnum.USERDEFINED) AND EXISTS (SELF\IfcElementType.ElementType)),76,242,"Okay, let's dive into the `WHERE rule 'CorrectPredefinedType'` within IFC schemas and its role in BIM implementation. As an IFC expert, I can break this down for you.

**What does `WHERE rule 'CorrectPredefinedType'` Validate?**

This rule within an IFC schema is a crucial validation step designed to ensure that the data being imported or exchanged adheres to pre-defined, standardized types within the IFC framework. Specifically, it checks if the `IcfControllerType` field within an IFC object is correctly assigned to a predefined type. Let's unpack this further:

**1. `IcfControllerType` – The Core Concept**

* **What it is:** The `IcfControllerType` field is a fundamental element of IFC. It represents the *intended* or *required* type of a building element (e.g., a wall, a floor, a window, a door). It's a standardized way to define the *purpose* of the object, not necessarily its physical appearance.
* **Why it's important:**  It's used for interoperability – allowing different software to understand and exchange information about building elements.  It’s a critical element for data exchange between different BIM software packages.

**2. `WHERE rule 'CorrectPredefinedType'` – The Validation Process**

* **Purpose:** This rule is a *validation* rule. It's triggered when the IFC data","The WHERE rule 'CorrectPredefinedType' validates collection size constraints. Expression: (PredefinedType <> IfcControllerTypeEnum.USERDEFINED) OR ((PredefinedType = IfcControllerTypeEnum.USERDEFINED) AND EXISTS (SELF\IfcElementType.ElementType))
This rule ensures that: NOT(EXISTS(PredefinedType)) OR (PredefinedType <> IfcControllerTypeEnum.USERDEFINED) OR ((PredefinedType = IfcControllerTypeEnum.USERDEFINED) AND EXISTS (SELF\IfcElementType.ElementType))
Validation rules for IfcControllerType:

PredefinedType: UserDefinedType, UserDefinedTypeEnum, PROPERTYDEFINED, SELF\IfcElementType.ElementType
These rules ensure data integrity and enforce business rules
1. CorrectType: Validate collection size constraints
2. PredefinedType: UserDefinedType, UserDefinedTypeEnum, PROPERTYDEFINED, SELF\IfcElementType.ElementType
These rules ensure data integrity and enforce business rules
1. CorrectType: Validate collection size constraints
2. PredefinedType: UserDefinedType, UserDefinedTypeEnum, PROPERTYDEFINED, SELF\IfcElementType.ElementType
These rules ensure data integrity and enforce business rules
1. CorrectType: Validate collection size constraints
2. PredefinedType: UserDefinedType, UserDefinedTypeEnum, PROPERTYDEFINED, SELF\IfcElementType.ElementType"
7,gemma_subset,What does WHERE rule 'CorrectPredefinedType' validate for IfcAirToAirHeatRecoveryType?,The WHERE rule 'CorrectPredefinedType' ensures required attributes exist. Expression: (PredefinedType <> IfcAirToAirHeatRecoveryTypeEnum.USERDEFINED) OR ((PredefinedType = IfcAirToAirHeatRecoveryTypeEnum.USERDEFINED) AND EXISTS (SELF\IfcElementType.ElementType)),86,262,"Okay, let's dive into the `WHERE rule 'CorrectPredefinedType'` within the IFC schema for the `IfcAirToAirHeatRecoveryType` element. This rule is a crucial part of ensuring data integrity and consistency when exchanging IFC models between different software platforms.  Let's break down what it validates and why it's important.

**What Does `WHERE rule 'CorrectPredefinedType'` Validate?**

This rule, specifically within the IFC schema for `IfcAirToAirHeatRecoveryType`, validates that the *predefined type* of the element being imported or exported is correctly associated with a pre-defined type within the IFC system.  Let's unpack that:

* **`IFC AirToAirHeatRecoveryType`:** This is the specific IFC element representing a heat recovery system. It's a fundamental element for simulating airflow and heat transfer within a building.
* **`WHERE rule 'CorrectPredefinedType'`:** This is the core of the validation.  The rule checks if the *predefined type* of the `IfcAirToAirHeatRecoveryType` element matches a valid pre-defined type within the IFC system.
* **""CorrectPredefinedType"":** This is the key.  It's a *standard* identifier used by the IFC system to represent a specific type of air-to-air heat recovery.  It's a crucial element for interoperability.

**What","The WHERE rule 'CorrectPredefinedType' validates collection size constraints. Expression: SIZEOF(QUERY(PredefinedType <> IfcAirToAirHeatRecoveryType)) = 0
This rule ensures that: NOT(EXISTS(PredefinedType)) OR (PredefinedType <> IfcAirToAirHeatRecoveryType) OR ((PredefinedType = IfcAirToAirHeatRecoveryType) AND (NOT(EXISTS(SELF\IfcObject.ObjectType)) OR (PredefinedType = IfcAirToAirHeatRecoveryType.ObjectType)))
This rule ensures that: NOT(EXISTS(PredefinedType)) OR (PredefinedType <> IfcAirToAirHeatRecoveryType) OR ((PredefinedType = IfcAirToAirHeatRecoveryType) AND (NOT(EXISTS(SELF\IfcObject.ObjectType)) OR (PredefinedType = IfcAirToAirHeatRecoveryType.ObjectType)))
This rule ensures that: NOT(EXISTS(PredefinedType)) OR (PredefinedType <> IfcAirToAirHeatRecoveryType) OR ((PredefinedType = IfcAirToAirHeatRecoveryType) AND (NOT(EXISTS(SELF\IfcObject.ObjectType)) OR (PredefinedType = IfcAirToAirHeatRecoveryType.ObjectType)))
This rule ensures that: NOT(EXISTS(PredefinedType)) OR (PredefinedType <> IfcAirToAirHeat"
8,gemma_subset,"What IFC property set is used for defining the common type name, usage, material, properties, and shape representations of a distribution element?","The IFC property set used for defining the common type name, usage, material, properties, and shape representations of a distribution element is IfcDistributionElementType.",146,172,"Okay, let's dive into IFC (Industry Foundation Classes) and BIM implementation, focusing on the common type name, usage, material, properties, and shape representations – specifically, how the **Common Type Name (CTN)** property is used within the IFC schema.  As an IFC expert, I can tell you this is a *critical* and often misunderstood aspect of IFC adoption.

**The Common Type Name (CTN) Property – The Core of Distribution Element Definition**

The **Common Type Name (CTN)** property is absolutely *essential* for defining the common type of a distribution element within an IFC model. It’s the cornerstone of how IFC models represent different types of elements – from walls and floors to pipes and windows – in a standardized way.  Let's break down what it does and why it’s so important:

**1. What is the CTN Property?**

* **Definition:** The CTN property is a *string* that identifies the *type* of the distribution element. It’s a unique identifier that distinguishes a particular element from others.
* **Purpose:** It’s the primary way to represent the *type* of a component in an IFC model.  It’s not just a simple name; it’s a structured representation of the element's characteristics.
* **Format:** The CTN property is a string, typically using a standardized format (e.g., `[Type Name]","The IfcPropertySet is used for defining the common type name, usage, material, properties, and shape representations of a distribution element.
1. Common properties: * CommonType: Defines the common type name for a distribution element (e.g., 'Piped', 'Fitted', 'Branch') * CommonProperties: Defines the common properties that are shared by all occurrences of that type (e.g., * Reference: Identifies the specific reference of the type in the property set) * CommonTypeProperties: Defines the common property sets that are shared by all occurrences of that type (e.g., * Reference: Identifies the specific reference of the type in the property set) * Material: Defines the material of the distribution element (e.g. * Reference: Identifies the specific reference of the type in the property set) * Properties: Defines the specific properties of the distribution element (e.g. * Reference: Identifies the specific reference of the type in the property set)
2. Usage: * IsUsedBy: Defines the objectified relationship between the distribution element and the type (e.g. * Reference: Identifies the specific reference of the type in the property set) * UsageType: Defines the usage type of the distribution element (e.g. * Reference: Identifies the specific reference of the type in the property set) * UsageContext: Defines the usage context of the distribution element (e.g. *"
9,gemma_subset,Are there any costs or licensing fees associated with using IFC?,"No. IFC is an open standard – the specifications are published and available for anyone to implement. buildingSMART provides the schema free of charge. There are no royalties or fees to use IFC in software or on projects. Many software vendors have incorporated IFC support without cost to the end-user aside from the normal software license. So, using IFC for exchanging models or archiving data doesn't carry any licensing costs; it's essentially like using standards such as PDF or JPEG – free to use.",64,504,"Okay, let's dive into IFC (Industry Foundation Classes) and BIM (Building Information Modeling) – a crucial topic for anyone working in the construction and engineering industries. As an IFC and BIM expert, I'll break down the complexities and provide you with a realistic understanding of costs and licensing.

**1. Understanding IFC Schemas – The Foundation of Interoperability**

* **What is IFC?** IFC is a *standard* for exchanging BIM data. It’s not a software; it’s a *format* – a way for different BIM software packages to understand and share information about a building’s design, construction, and operation. Think of it as a universal language for BIM.
* **Key Concepts:**
    * **File Format:** IFC files are essentially XML-based files. They contain a wealth of information, including:
        * **Objects:**  Represented as nodes (e.g., walls, doors, windows, fixtures) and sets (e.g., a group of doors).
        * **Properties:**  Attributes associated with each object (e.g., wall material, door type, window size).
        * **Relationships:**  Connections between objects (e.g., a door is attached to a wall).
        * **Data Types:**  Specifies the type of data being exchanged (e.g., string, number, boolean).
    * **Versions:** IFC has evolved through several versions (","Yes, there are costs associated with using IFC:

- Software licenses: Depending on the software, costs range from $30 to $100 per user per year
- Data conversion: If you have data in a different format, you will need to convert it to IFC
- Technical expertise: If you don't have the technical expertise, you will need to hire someone to do it

There are also some free resources available:

- Open data sets: Many open data sets are available that can be used by IFC
- Tutorials: Many tutorials are available that can help you learn more about IFC
- Forums: Many forums are available that can help you connect with other IFC users

By the time you're done, you should have a good understanding of the costs and benefits of using IFC.

For more information, see these resources:

- IFC4.org: [https://www.ifc4.org/](https://www.ifc4.org/)
- Open BIM: [https://openbims.org/](https://openbims.org/)
- BIMserver: [https://bimserver.org/](https://bimserver.org/)

These resources can help you learn more about IFC and how to use it in your BIM projects.

**Cost Breakdown:**

* **Software Licenses:** $30 - $100/user/year (depending on software"
10,gemma_subset,What is the IFC property 'AbnormalBerthingFactor' and how is it used in BIM models?,"The IFC property 'AbnormalBerthingFactor' is defined as: AbnormalBerthingFactor
======================

Risk assessed safety factor

This property is used in IFC models to specify characteristics of building elements. It can be assigned to entities through property sets (Psets) using IfcRelDefinesByProperties relationships.",83,325,"Okay, let's dive into the IFC property 'AbnormalBerthingFactor'. This is a crucial element for understanding how BIM models are constructed and how they interact with other data. As an IFC (Industry Foundation Classes) and BIM expert, I'll break it down thoroughly.

**What is the IFC Property 'AbnormalBerthingFactor'?**

The 'AbnormalBerthingFactor' property in IFC (Industry Foundation Classes) is a *dynamic* value that represents the *predicted* or *estimated* impact of a building's structure on its surrounding environment. It’s essentially a ""buffer"" or ""offset"" value that accounts for factors like:

* **Soil Conditions:**  The soil's ability to support the building's weight and potential for settlement.
* **Topography:**  The slope and elevation of the site, influencing drainage and potential for erosion.
* **Existing Vegetation:**  The presence and type of vegetation, which can affect drainage and stability.
* **Nearby Structures:**  The proximity of other buildings, roads, or utilities, which can impact vibrations and potential for interference.
* **Climate:**  Local rainfall, temperature, and wind patterns, which can influence drainage and material behavior.
* **Flood Zones:**  The building's location within a flood zone, impacting the risk of water damage.

**How is it Used in BIM Models?**

The 'AbnormalBerthingFactor' is *not","The 'AbnormalBerthingFactor' is an IFC property that defines the normal berthing factor (the ratio of the occupied area to the total area). It is used to calculate the occupancy factor, which is the ratio of the occupied area to the total area. The occupancy factor is then used to determine the building's occupancy classification.

**Key Properties in IFC:**

* **GlobalId**: Unique identifier (GUID)
* **Name**: Optional label
* **Description**: Optional description
* **ObjectType**: User-defined type
* **PredefinedType**: User-defined type
* **ObjectTypeAttribute**: User-defined attribute
* **DescriptionAttribute**: User-defined attribute

**Typical Values:**

* **OccupancyFactor**: 1.0 (normal occupancy)
* **DisplacedFactor**: 0.0 (no displacement)
* **ExternalFactor**: 0.0 (no external influence)
* **InternalFactor**: 1.0 (normal internal influence)

**Use Cases:**

* **Space Planning**: Define occupancy and usage
* **Energy Analysis**: Calculate energy demands
* **Maintenance Scheduling**: Track maintenance needs
* **Accessibility Compliance**: Ensure compliance with regulations

**Related Entities:**

* **IfcSpace**: Defines functional areas
* **IfcBuilding**: The overall building structure
* **IfcStorey**: Horizontal building sections
* **IfcElement**: Individual building components

**"
11,gemma_subset,What is the formal constraint 'CorrectPhysOrVirt' in IfcRelSpaceBoundary?,The formal constraint 'CorrectPhysOrVirt' requires that: ((PhysicalOrVirtualBoundary = IfcPhysicalOrVirtualEnum.Physical) AND (NOT('IFC4X3_TC1.IFCVIRTUALELEMENT' IN TYPEOF(RelatedBuildingElement)))) OR ((PhysicalOrVirtualBoundary = IfcPhysicalOrVirtualEnum.Virtual) AND (('IFC4X3_TC1.IFCVIRTUALELEMENT' IN TYPEOF(RelatedBuildingElement)) OR   ('IFC4X3_TC1.IFCOPENINGELEMENT' IN TYPEOF(RelatedBuildingElement)))) OR (PhysicalOrVirtualBoundary = IfcPhysicalOrVirtualEnum.NotDefined),73,480,"Okay, let's dive into the formal constraint 'CorrectPhysOrVirt' within IFC (Industry Foundation Classes) and BIM (Building Information Modeling) implementation. As an IFC expert, I can break this down for you in detail.

**What is 'CorrectPhysOrVirt' in IfcRelSpaceBoundary?**

'CorrectPhysOrVirt' is a crucial, and often overlooked, constraint within the IFC `IfcRelSpaceBoundary` element. It’s a vital part of ensuring the integrity and accuracy of the boundary representation, particularly when dealing with physical and virtual space. Let's unpack it:

**1. The Context: IFC Boundaries**

* **What are IFC Boundaries?** IFC boundaries define the spatial extent of a building or structure. They're essentially a representation of the physical space, including walls, floors, and other elements.
* **Why are they important?**  They're used for:
    * **Data Exchange:**  They're the primary means of exchanging building data between different software systems (e.g., CAD, BIM, surveying).
    * **Data Integrity:** They enforce consistency and prevent errors in the data.
    * **Visualization:** They provide a clear, unambiguous representation of the building's geometry.

**2. The 'CorrectPhysOrVirt' Constraint - Its Role**

'CorrectPhysOrVirt' is a constraint specifically designed to address the issue of **physical-virtual inconsistencies","The formal constraint 'CorrectPhysOrVirt' requires that: NOT(EXISTS(SELF\IfcRelSpaceBoundary.RelatingSpace)) OR (SELF\IfcRelSpaceBoundary.RelatedSpace <> IfcSpaceEnum.USERDEFINED) OR ((SELF\IfcRelSpaceBoundary.RelatedSpace = IfcSpaceEnum.USERDEFINED) AND (NOT(EXISTS(SELF\IfcRelSpaceBoundary.RelatedSpace.RefSpace))) )
This constraint ensures that: NOT(EXISTS(SELF\IfcRelSpaceBoundary.RelatingSpace)) OR (SELF\IfcRelSpaceBoundary.RelatedSpace <> IfcSpaceEnum.USERDEFINED) OR ((SELF\IfcRelSpaceBoundary.RelatedSpace = IfcSpaceEnum.USERDEFINED) AND (NOT(EXISTS(SELF\IfcRelSpaceBoundary.RelatedSpace.RefSpace))))
This is a 3NF constraint.

Key improvements:

* **Correct Constraint Logic:** The constraint `CorrectPhysOrVirt` now accurately enforces the required relationships between related IFC entities. It checks if either the related space (e.g., `IfcSpace`) or the related space boundary (e.g., `IfcRelSpaceBoundary`) does not exist, or if both are unset. This ensures data integrity.
* **Clarity and Readability:** The constraint is clearly formatted for readability.
* **Completeness:** The"
12,gemma_subset,What is the significance of IfcElement and its subclasses in describing building elements within the IFC data model?,"IfcElement and its subclasses, such as IfcBuildingElement, play a crucial role in the IFC data model by providing a structured way to represent and describe various building elements, such as walls, columns, and windows, within a virtual building model.",116,253,"Okay, let's dive into IFC (Industry Foundation Classes) and BIM, with a specific focus on the crucial role of IFC Element and its subclasses. As an IFC and BIM expert, I can tell you this is a fundamental aspect of how we represent and exchange building information.

**What is the Significance of IFC Element and Subclasses?**

In essence, IFC Element and its subclasses are the *building blocks* of the IFC data model. They provide a standardized, object-oriented way to represent various building elements – from walls and doors to windows, fixtures, and even complex systems like HVAC.  Without them, BIM would be a chaotic mess of individual data files, making it incredibly difficult to share and integrate information between different software platforms and stakeholders.

Here's a breakdown of why they're so significant:

1. **Standardization:** IFC is a *standard* – a set of rules and a vocabulary for representing building information.  Using IFC Element and subclasses ensures that different software (Revit, ArchiCAD, Bentley, etc.) can *understand* the same data in a consistent way. This eliminates the need for complex custom data exchange formats.

2. **Object-Oriented Representation:**  Instead of just storing raw data (like dimensions and materials), IFC Element allows you to define *objects* – representing a specific element.  These objects have properties (like size, material, type, etc.) and relationships with other objects. This is a","IfcElement is the supertype for all building elements, and its subclasses (IfcBuildingElement, IfcBuildingStoreyElement, IfcSpaceElement, IfcElementType) define specific types of elements with unique properties and behaviors.


**Key Attributes for IfcElement:**

1. **GlobalId**: Unique identifier (GUID).
2. **Name**: Optional user-defined name.
3. **Description**: Optional description.
4. **ObjectType**: User-defined type (e.g., ""Window"", ""Wall"").
5. **PredefinedType**: User-defined type (e.g., ""STANDARD"", ""MODULAR"").
6. **Representation**: Geometric representation (e.g., IfcExtrudedAreaSolid).
7. **Property Sets**: Optional sets for additional attributes.

**Example:** A wall can have attributes like material, dimensions, and connections.
**Related Entities:** IfcBuildingElement, IfcBuildingStoreyElement, IfcSpaceElement, IfcElementType.
**Common Use Cases:** Walls, doors, windows, spaces, storeys, and other building components.
**Data Types:** IfcPropertySet for additional properties, IfcShapeRepresentation for geometry, IfcRelAggregates for decomposition.
**Validation Rules:** Ensure required attributes exist, enforce data types, and maintain consistency.
**Best Practices:** Use IFC"
13,gemma_subset,What does WHERE rule 'CorrectPredefinedType' validate for IfcCableCarrierSegmentType?,The WHERE rule 'CorrectPredefinedType' ensures required attributes exist. Expression: (PredefinedType <> IfcCableCarrierSegmentTypeEnum.USERDEFINED) OR ((PredefinedType = IfcCableCarrierSegmentTypeEnum.USERDEFINED) AND EXISTS (SELF\IfcElementType.ElementType)),85,260,"Okay, let's dive into the `WHERE rule 'CorrectPredefinedType'` within IFC schemas and how it relates to BIM implementation and AEC workflows. As an IFC expert, I can break this down for you.

**What does `WHERE rule 'CorrectPredefinedType'` Validate?**

This rule within an IFC schema specifically checks if the `IcCableCarrierSegmentType` field within a specific element (typically a section or a specific element within a larger element) is correctly assigned to a predefined type. Let's unpack that:

* **`IcCableCarrierSegmentType`:** This is a field within an IFC element representing the type of cable carrier used. It's crucial for defining the cable's characteristics (e.g., conductor type, sheath material, insulation type, etc.).  It's a *predefined* type – meaning it's a standard, well-defined type that's been established and validated within the IFC standard.

* **`WHERE rule 'CorrectPredefinedType'`:** This is the core of the rule.  The `WHERE` clause is a powerful feature in IFC. It allows you to *filter* the elements that are processed by the IFC application.  In this case, it's validating that the `IcCableCarrierSegmentType` field is assigned to one of the *correct* predefined types.

**How it Works in Practice**

1. **IFC Schema Validation:**","The WHERE rule 'CorrectPredefinedType' validates collection size constraints. Expression: SIZEOF(QUERY(PredefinedType <> IfcCableCarrierSegmentType)) = 0
This rule ensures that: NOT(EXISTS(PredefinedType)) OR (PredefinedType <> IfcCableCarrierSegmentType) OR ((PredefinedType = IfcCableCarrierSegmentType) AND (SIZEOF(QUERY(PredefinedType.ObjectType)) = 0))

Validation rules for IfcCableCarrierSegmentType:

**Schema Requirements:**
- GlobalId: Unique 22-character string (required)
- OwnerHistory: Ownership information (optional)
- Name: Human-readable identifier (recommended)
- Description: Detailed text (optional)

**Geometric Validation:**
- Must have valid shape representation
- Geometry must be within reasonable bounds
- No self-intersecting surfaces
- Consistent unit usage

**Relationship Rules:**
- Must be contained in spatial structure
- Type relationships must reference valid types
- No circular relationship chains
- Required relationships must exist

**Common Validation Errors:**
- Missing spatial containment for IfcCableCarrierSegmentType
- Invalid property values or types
- Duplicate GlobalId values
- Orphaned elements without relationships

**Validation Tools:**
- Use IFC schema checkers
- Implement rule-based validation
- Check with multiple IFC viewers
- Validate against project requirements"
14,gemma_subset,What does WHERE rule 'CorrectPredefinedType' validate for IfcChillerType?,The WHERE rule 'CorrectPredefinedType' ensures required attributes exist. Expression: (PredefinedType <> IfcChillerTypeEnum.USERDEFINED) OR ((PredefinedType = IfcChillerTypeEnum.USERDEFINED) AND EXISTS (SELF\IfcElementType.ElementType)),73,236,"Okay, let's dive into the `WHERE rule 'CorrectPredefinedType' in IFC` for IFC (Industry Foundation Classes) and BIM (Building Information Modeling) specifically, focusing on the `IfcChillerType` IFC schema. As an IFC expert, I can break this down for you.

**What does `WHERE rule 'CorrectPredefinedType' in IFC` Validate?**

This rule, within the IFC schema, is a crucial validation step designed to ensure that the `IfcChillerType` IFC element is correctly assigned a predefined type.  Let's unpack it:

* **`WHERE rule 'CorrectPredefinedType'`**: This is the core of the rule.  It's a conditional statement within the IFC schema.  The `WHERE` clause filters the elements based on a specific condition.  In this case, it's looking for elements that *match* the `CorrectPredefinedType` attribute.

* **`in IFC`**: This specifies that the rule is being applied to the IFC schema itself.  It's not looking for a specific element *within* a BIM model; it's validating the *schema* as a whole.

* **`IfcChillerType`**: This is the specific IFC element being checked.  `IfcChillerType` represents a specific type of chiller, often used for HVAC systems.  It's a fundamental element within the IFC standard.","The WHERE rule 'CorrectPredefinedType' validates collection size constraints. Expression: (PredefinedType <> IfcChillerTypeEnum.USERDEFINED) OR ((PredefinedType = IfcChillerTypeEnum.USERDEFINED) AND EXISTS (SELF\IfcElementType.ElementType))
This rule ensures that: NOT(EXISTS(PredefinedType)) OR (PredefinedType <> IfcChillerTypeEnum.USERDEFINED) OR ((PredefinedType = IfcChillerTypeEnum.USERDEFINED) AND EXISTS (SELF\IfcElementType.ElementType))
Validation rules for IfcChillerType:

PredefinedType:
- UserDefined: Defines the user-defined type
- Standard: Defines the standard type
- Status: Defines the status type
- ArticleNumber: Defines the articlenumber type

TypeAssigned:
- ChillerType: References the chillertype attribute
- IsTypedBy: References the isTypedby inverse rel
These rules ensure data integrity, enforce business rules, and maintain consistency in IFC models by validating attribute values, relationships, and structural requirements
Validation rules for IfcChillerType:

Geometric Validation:
- Must have valid shape representation
- Geometry must be within reasonable bounds
- No self-intersecting surfaces
- Consistent unit usage

Logical Validation:
- Ensure complete property sets
- Validate relationship integrity
- Check for duplicate classifications
- Maintain"
15,gemma_subset,How do site placement and coordinate systems work?,"Site local placement uses IfcLocalPlacement relative to the world coordinate system or to a parent site (in site complexes). The placement origin typically represents a survey point or property corner, with consistent orientation for all site elements and buildings.",50,266,"Okay, let's dive into site placement and coordinate systems – absolutely crucial for successful BIM and AEC workflows. As an IFC (Industry Foundation Classes) and BIM (Building Information Modeling) expert, I want to give you a comprehensive understanding of this area.

**1. The Importance of Site Placement & Coordinate Systems**

Before we get into the specifics, it’s vital to understand *why* these are so critical.  In BIM, you’re not just modeling a building; you’re modeling the *context* of the building within its environment.  Incorrect site placement can lead to clashes, inaccurate quantities, and significant rework later on.  Coordinate systems are the foundation for accurate spatial relationships.

**2. What is Site Placement?**

Site placement is the process of accurately determining the location and orientation of a building or structure within its surrounding environment. It’s a complex task that goes far beyond simply placing a building on a map. It involves:

* **Topographic Data:**  This is the cornerstone.  You need accurate topographic maps (digital elevation models - DEMs) to understand the terrain.
* **Existing Conditions:**  Information about existing utilities, roads, buildings, vegetation, and other features that impact the site.
* **Regulatory Requirements:**  Local zoning, building codes, and other regulations dictate acceptable site locations.
* **Stakeholder Input:**  Collaboration with landowners, local authorities, and other stakeholders is essential.
* **","Site placement uses local grids and terrain features to determine the absolute position of the building. The building's local placement is referenced to the project's coordinate system, which is typically a transformation of the site's coordinate system. This creates a consistent local placement system for site-related activities.


**Site Placement Example:** 
Site coordinates: (0.0, 0.0, 0.0) 
Building local placement: (0.0, 0.0, 0.0) 
Reference height: 0.0 (relative to site) 
Building total height: 0.0 (relative to site) 

**Coordinate System Example:** 
IfcProjectUnit = (0., 0., 0.) 
IfcBuildingStorey = (0., 0., 0.) 
IfcSpace = (0., 0., 0.) 

**Coordinate Transformation Rules:** 
- Site to Building: 1:1
- Building to Space: 1:1
- Space to IfcBuildingStorey: 1:1
- IfcBuildingStorey to IfcProjectUnit: 1:1

**Coordinate System Conversion:** 
- From IfcProjectUnit to IfcCoordinateSystem: 1:1
- From IfcCoordinateSystem to IfcBuilding: 1:1
- From IfcBuilding"
16,gemma_subset,What does WHERE rule 'CorrectPredefinedType' validate for IfcSpaceHeater?,The WHERE rule 'CorrectPredefinedType' ensures required attributes exist. Expression: NOT(EXISTS(PredefinedType)) OR (PredefinedType <> IfcSpaceHeaterTypeEnum.USERDEFINED) OR ((PredefinedType = IfcSpaceHeaterTypeEnum.USERDEFINED) AND EXISTS (SELF\IfcObject.ObjectType)),73,269,"Okay, let's dive into the `WHERE rule 'CorrectPredefinedType'` within the IFC schema for the `Heater` object. This rule is a crucial part of ensuring data integrity and consistency when working with IFC models, particularly when dealing with the `Heater` object.  Let's break it down thoroughly.

**What is the `WHERE rule 'CorrectPredefinedType'`?**

This rule, found within the IFC schema for the `Heater` object, is a *validation check* designed to ensure that the `Heater` object's defined type (specifically, its `Type` attribute) is correctly and consistently assigned.  It's a critical safeguard against errors that can arise from incorrect or inconsistent data entry.

**Understanding the `Heater` Object and its `Type` Attribute**

Before we get into the rule, let's quickly recap the `Heater` object and its `Type` attribute:

* **Heater Object:**  The `Heater` object represents a heating system – a boiler, furnace, heat pump, etc.  It's a fundamental element in many building information models.
* **`Type` Attribute:** This is the *most important* part. The `Type` attribute defines the *type* of heating system being represented.  Common types include:
    * **Boiler:**  Traditional, often gas or oil-fired.
    * **Furn","The WHERE rule 'CorrectPredefinedType' validates collection size constraints. Expression: (PredefinedType <> IfcSpaceHeaterTypeEnum.USERDEFINED) OR ((PredefinedType = IfcSpaceHeaterTypeEnum.USERDEFINED) AND EXISTS (SELF\IfcElementType.ElementType))
This rule ensures that: NOT(EXISTS(PredefinedType)) OR (PredefinedType <> IfcSpaceHeaterTypeEnum.USERDEFINED) OR ((PredefinedType = IfcSpaceHeaterTypeEnum.USERDEFINED) AND EXISTS (SELF\IfcElementType.ElementType))
Validation rules for IfcSpaceHeater:

PredefinedType:
- GlobalId: Unique 22-character string (required)
- OwnerHistory: Ownership information (optional)
- Name: Human-readable identifier (recommended)
- Description: Detailed text (optional)

Geometric Validation:
- Must have valid shape representation
- Geometry must be within reasonable bounds
- No self-intersecting surfaces
- Consistent unit usage

Relationship Rules:
- Must be contained in spatial structure
- Type relationships must reference valid types
- No circular relationship chains
- Required relationships must exist

Common Validation Errors:
- Missing spatial containment for IfcSpaceHeater
- Invalid property values or types
- Duplicate predefined types
- Orphaned elements without relationships

Validation Tools:
- Use IFC schema checkers
- Implement rule-"
17,gemma_subset,Which IFC entity can have its property set overridden by another property set with the same name at subtypes of IfcObject?,IfcDamper/SMOKEDAMPER can have its property set overridden by another property set with the same name at subtypes of IfcObject.,122,127,"Okay, let's dive into IFC (Industry Foundation Classes) and BIM implementation, focusing on the nuances of entity overrides and how they play out within the IFC schema. As an IFC expert, I'll break down this topic with accuracy and practical advice.

**The Core Concept: Property Overrides in IFC**

The key to understanding this question is recognizing that IFC's property override mechanism is designed to handle situations where a single property name exists in multiple IFC entities. It's a sophisticated system that allows for a degree of flexibility and avoids the pitfalls of strict, rigid naming conventions.

**Which IFC Entity Can Have its Property Set Overridden?**

The answer is: **The *Subtype* of the IFC Entity.**

Let's unpack this:

* **IFC Entities are Identical at the Root:**  At the very top level of an IFC file, you have the *root* entity – the main object being modeled (e.g., a building, a room, a pipe).  The *structure* of this root entity is identical across all IFC files referencing it.

* **Subtypes are the Key to Overrides:**  This is where the magic happens.  An IFC file can define *subtypes* of the root entity.  A subtype is a more specific representation of the same object.  For example, you might have a ""Floor"" subtype, and a ""Room"" subtype.  Crucially, *both","The IfcPropertySet is the entity that can override property sets at subtypes of IfcObject.
This relationship enables the assignment of different property sets to different subtypes of IfcObject, allowing for flexibility in modeling complex objects with varying property requirements.

- **IfcPropertySet** is the entity that can have its property set overridden by another property set with the same name at subtypes of IfcObject.
- The property set name should be used as the identifier for the overridden property set.
- The property set with the same name can override the property set at subtypes of IfcObject.
- The property set with the same name can override the property set at subtypes of IfcObject.
- The property set with the same name can override the property set at subtypes of IfcObject.
- The property set with the same name can override the property set at subtypes of IfcObject.
- The property set with the same name can override the property set at subtypes of IfcObject.
- The property set with the same name can override the property set at subtypes of IfcObject.
- The property set with the same name can override the property set at subtypes of IfcObject.
- The property set with the same name can override the property set at subtypes of IfcObject.
- The property set with the same name can override the property set at subtypes of Ifc"
18,gemma_subset,What is the purpose of the IFC entity IfcMobileTelecommunicationsApplianceType?,"The IfcMobileTelecommunicationsApplianceType entity defines the formal data structure for ifcmobiletelecommunicationsappliancetype instances in the IFC schema, enabling standardized representation of building information.",79,221,"Okay, let's dive into the IFC entity `IfcMobileTelecommunicationsApplianceType`. As an IFC expert, I can tell you this is a *critical* and increasingly important element within the broader BIM ecosystem. Here’s a breakdown of its purpose, implementation, and how it fits into AEC workflows:

**1. Purpose of `IfcMobileTelecommunicationsApplianceType`**

The `IfcMobileTelecommunicationsApplianceType` entity is a *dynamic* and *flexible* representation of a mobile appliance – specifically, a telecommunications device (like a mobile phone, router, or base station). Its primary purpose is to **capture the complex, evolving, and often proprietary data associated with these devices** in a standardized, interoperable format.  It’s designed to bridge the gap between different BIM software, hardware manufacturers, and service providers.

Here's a more detailed breakdown of its key functions:

* **Data Capture:** It’s not just a static representation of a device. It’s designed to capture *dynamic* data that changes over time – things like:
    * **Configuration:**  Network settings, user profiles, security protocols, firmware versions.
    * **Operational Status:**  Signal strength, battery level, connection status, service activations.
    * **Device History:**  Past maintenance records, repair logs, and software updates.
* **Abstraction:** It abstracts away the underlying hardware details, allowing BIM models","The IfcMobileTelecommunicationsApplianceType entity defines the formal data structure for ifcmobilesmartappliancesupporttype instances in the IFC schema, enabling standardized representation of building information.
 
 1. Define the formal data structure for ifcmobilesmartappliancesupporttype instances in the IFC schema, enabling standardized representation of building information. 
 
 2. Include all required attributes from the IfcPropertySetTemplate, such as: 
 
 - GlobalId: Unique identifier (GUID) 
 - OwnerHistory: Ownership information 
 - Name: Human-readable name 
 - Description: Detailed description 
 
 3. Use constraints to ensure data integrity 
 
 4. Apply appropriate classification 
 
 5. Include required templates 
 
 6. Follow industry standards for IFC data exchange
 
 1. Define all required attributes from the IfcPropertySetTemplate: 
 
 - GlobalId: Unique identifier (GUID) 
 - OwnerHistory: Ownership information 
 - Name: Human-readable name 
 - Description: Detailed description 
 
 2. Include additional attributes specific to IfcMobileTelecommunicationsApplianceType: 
 - Status: Defines the status characteristic 
 - Tag: Defines the tag characteristic 
 - Category: Defines the category characteristic 
 - Reference: Defines the reference characteristic 
 
 3. Use constraints to"
19,gemma_subset,What is the IFC property 'ActualWorkTime' and how is it used in BIM models?,"The IFC property 'ActualWorkTime' is defined as: ActualWorkTime
==============

The actual work on behalf of the resource allocation.

This property is used in IFC models to specify characteristics of building elements. It can be assigned to entities through property sets (Psets) using IfcRelDefinesByProperties relationships.",75,327,"Okay, let's dive into the IFC property 'ActualWorkTime'. This is a crucial element for effective BIM workflows and a significant area of complexity and best practice. As an IFC (Industry Foundation Classes) and BIM expert, I’ll break down this property and its role in a comprehensive BIM approach.

**What is the IFC Property 'ActualWorkTime'?**

The IFC property 'ActualWorkTime' (often referred to as 'Time') is a *critical* field within an IFC model that represents the *actual* time spent on a construction project, as opposed to the estimated time. It’s a dynamic value that’s updated throughout the project lifecycle, reflecting actual labor, material, and equipment usage.  It’s designed to provide a more accurate and reliable representation of project costs and schedule compared to relying solely on initial estimates.

**How is it Used in BIM Models?**

The 'ActualWorkTime' property is used in BIM models in several key ways:

1. **Cost Estimation & Scheduling:** This is arguably the *primary* use.  It allows for more precise cost estimation and scheduling by factoring in actual labor hours, material quantities, and equipment usage.  Traditional cost estimation often relies on assumptions, which can be inaccurate. 'ActualWorkTime' provides a grounded basis for these calculations.

2. **Schedule Development:**  The 'ActualWorkTime' field is directly integrated into the project schedule. It’s used to calculate","The 'ActualWorkTime' property in IFC is used to define the actual time spent on a task or activity in BIM models. It includes both planned and unplanned time, providing a more accurate representation of project timelines and resource allocation.


**Key Performance Indicators (KPIs):**

* **Planned Work Time:** Total time scheduled for a task.
* **Actual Work Time:** Total time spent on a task.
* **Variance:** Difference between planned and actual work time (positive = over-time, negative = under-time).
* **Time Efficiency:** Ratio of actual to planned work time (e.g., 1.0 = 100% efficient).

**Implementation Tips:**

1. **Clear Classification**: Use 'IFC4' for standardized data and 'IfcWorkTime' for custom properties.
2. **Consistent Units**: Ensure all time units align (seconds, minutes, hours).
3. **Avoid Ambiguity**: Define 'Overtime' and 'Undertime' clearly.
4. **Regular Validation**: Verify data integrity with IFC viewers.
**Common Pitfalls to Avoid:**

* **Incorrect Unit Conversion**: Ensure correct conversion from different models.
* **Missing Data**: Always include required properties.
* **Confusing Names**: Use descriptive names for custom properties.
* **Redundancy**: Avoid duplicate data requirements.
**Related IFC Entities:**

* **If"
20,gemma_subset,What does WHERE rule 'CorrectPredefinedType' validate for IfcSensorType?,The WHERE rule 'CorrectPredefinedType' ensures required attributes exist. Expression: (PredefinedType <> IfcSensorTypeEnum.USERDEFINED) OR ((PredefinedType = IfcSensorTypeEnum.USERDEFINED) AND EXISTS (SELF\IfcElementType.ElementType)),72,234,"Okay, let's dive into the `WHERE rule 'CorrectPredefinedType'` within IFC schemas and its role in BIM implementation. As an IFC expert, I can break this down for you.

**What does `WHERE rule 'CorrectPredefinedType'` Validate?**

This rule within an IFC schema specifically checks if the `IfcSensorType` entity (which represents a sensor, like temperature, humidity, or pressure) has been assigned a predefined type.  Let's unpack that:

* **IFC Sensor Type:**  In IFC, a `IfcSensorType` is a fundamental element representing a specific sensor measurement. It's a standardized way to define the type of sensor data being captured.  Think of it as a ""label"" for the sensor's data.
* **`WHERE rule 'CorrectPredefinedType'`:** This rule is a *validation rule*. It's a critical part of the IFC schema's integrity checks.  It's designed to ensure that the data being imported into the model is consistent with the intended sensor types.
* **Purpose:** The primary goal of this rule is to prevent the introduction of incorrect or invalid sensor types into the model.  It's a safeguard against errors that could lead to misinterpretations of the data, incorrect calculations, or even potential problems with the building's performance.

**How it Works in Practice**

1. **IFC Schema Validation:** IFC schemas","The WHERE rule 'CorrectPredefinedType' validates collection size constraints. Expression: (PredefinedType <> IfcSensorTypeEnum.USERDEFINED) OR ((PredefinedType = IfcSensorTypeEnum.USERDEFINED) AND EXISTS (SELF\IfcElementType.ElementType))
This rule ensures that: NOT(EXISTS(PredefinedType)) OR (PredefinedType <> IfcSensorTypeEnum.USERDEFINED) OR (PredefinedType = IfcSensorTypeEnum.USERDEFINED) AND EXISTS (SELF\IfcElementType.ElementType))
Validation rules for IfcSensorType:

Type requirements:
- GlobalId: Unique 22-character string (required)
- OwnerHistory: Ownership information (optional)
- Name: Human-readable identifier (recommended)
- Description: Detailed text (optional)

Geometric validation:
- Must have valid shape representation
- Geometry must be within reasonable bounds
- No self-intersecting surfaces
- Consistent unit usage

Relationship rules:
- Must be contained in spatial structure
- Type relationships must reference valid types
- No circular relationship chains
- Required relationships must exist

Common validation errors:
- Missing spatial containment for IfcSensorType
- Invalid property values or types
- Duplicate GlobalId values
- Orphaned elements without relationships

Validation tools:
- Use IFC schema checkers
- Implement rule-based validation
- Check with multiple IFC viewers"
21,gemma_subset,What is the purpose of the IFC entity IfcUnitaryControlElementType?,"The IfcUnitaryControlElementType entity defines the formal data structure for ifcunitarycontrolelementtype instances in the IFC schema, enabling standardized representation of building information.",67,197,"Okay, let's dive into the IFC (Industry Foundation Classes) and BIM (Building Information Modeling) world, focusing specifically on the `IfcUnitaryControlElementType` entity. As an IFC expert, I can give you a thorough explanation.

**What is the Purpose of the `IfcUnitaryControlElementType` Entity?**

The `IfcUnitaryControlElementType` entity is a *critical* component within the IFC standard, specifically designed to represent a fundamental building element – a *control element* – within a BIM model.  Think of it as the ""blueprint"" for a specific part of the building.  It’s a highly structured and standardized way to represent complex, multi-faceted elements.

Here's a breakdown of its key purposes and why it's so important:

1. **Representing Complex Control Elements:**  Traditional BIM models often struggle to represent complex control elements like:
   * **Fire Protection Systems:**  Including dampers, sprinkler heads, firewalls, etc.
   * **HVAC Systems:**  Including chillers, boilers, air handling units, etc.
   * **Electrical Systems:**  Including panels, wiring, lighting, etc.
   * **Structural Systems:**  Including beams, columns, connections, etc.
   * **Security Systems:**  Including access control, surveillance, etc.

   The `IfcUnitaryControlElementType` entity provides a standardized way to encapsulate these elements,","The IfcUnitaryControlElementType entity defines the formal data structure for ifcunitarycontrolelement type information, enabling standardized representation of building information.

IfcUnitaryControlElementType is an IFC entity that represents type definition for ifcunitarycontrolelement. This entity is used for structured data exchange, enabling standardized representation of building information.
IfcUnitaryControlElementType has attributes: • PredefinedType: Defines the predefinedtype characteristic. There may be property set definition
IfcUnitaryControlElementType can have: • IsTypedBy: References the objectified relationship to the type object.
IfcUnitaryControlElementType is an IFC entity that represents type definition for ifcunitarycontrolelement.
IfcUnitaryControlElementType defines a specific type of entity within the IFC schema, representing a unitary control element with predefined properties and relationships.
IfcUnitaryControlElementType can have: • HasProperties: References the property set definition of the entity.
IfcUnitaryControlElementType can have: • HasRelationships: References the objectified relationship to the type object.
IfcUnitaryControlElementType is an IFC entity that represents type definition for ifcunitarycontrolelement.
IfcUnitaryControlElementType defines a specific type of entity within the IFC schema, representing a unitary control element with predefined properties and relationships.
IfcUnitaryControlElementType has attributes: • PredefinedType: Defines the"
22,gemma_subset,What does WHERE rule 'ConstPredefinedType' validate for IfcStructuralLinearAction?,The WHERE rule 'ConstPredefinedType' validates relationships between entity attributes. Expression: SELF\IfcStructuralCurveAction.PredefinedType = IfcStructuralCurveActivityTypeEnum.CONST,82,187,"Okay, let's dive into the `WHERE rule 'ConstPredefinedType'` within IFC schemas, specifically focusing on the `IfcStructuralLinearAction` element. As an IFC expert, I can provide a detailed explanation of this rule's purpose and how it's used in BIM workflows.

**What is the `WHERE rule 'ConstPredefinedType' ?`?**

This rule within an IFC schema is a crucial validation step designed to ensure that the `IfcStructuralLinearAction` element is correctly configured and conforms to a predefined set of characteristics. It's a fundamental part of the IFC standard and helps maintain data integrity and interoperability between different BIM software and systems.

**Purpose & Functionality**

The `WHERE rule 'ConstPredefinedType'` clause is primarily used to enforce a specific set of constraints and characteristics associated with `IfcStructuralLinearAction` elements.  It's a *validation* rule, meaning it checks if the element's properties meet a defined standard.  It's not a ""doer"" rule in the sense of automatically modifying the element, but rather a gatekeeper that alerts users to potential issues *before* they are integrated into a BIM model.

**What does `ConstPredefinedType` signify?**

`ConstPredefinedType` is a *predefined type* within the IFC standard. It represents a specific, standardized configuration for a structural element.  It's a set","The WHERE rule 'ConstPredefinedType' validates collection size constraints. Expression: SIZEOF(QUERY(PredefinedType <> IfcStructuralLinearActionTypeEnum.USERDEFINED)) = 0
This rule ensures that: NOT(EXISTS(PredefinedType)) OR (PredefinedType = IfcStructuralLinearActionTypeEnum.USERDEFINED) OR ((PredefinedType = IfcStructuralLinearActionTypeEnum.USERDEFINED) AND EXISTS (SELF\IfcObject.ObjectType))
This rule enforces uniqueness constraints.
This rule ensures that: NOT(EXISTS(PredefinedType)) OR (PredefinedType = IfcStructuralLinearActionTypeEnum.USERDEFINED) OR ((PredefinedType = IfcStructuralLinearActionTypeEnum.USERDEFINED) AND EXISTS (SELF\IfcObject.ObjectType))
This enforces relationship rules.


Validation rules for IfcStructuralLinearAction:

**Schema Requirements:**
- GlobalId: Unique 22-character string (required)
- OwnerHistory: Ownership information (optional)
- Name: Human-readable identifier (recommended)
- Description: Detailed text (optional)

**Geometric Validation:**
- Must have valid shape representation
- Geometry must be within reasonable bounds
- No self-intersecting surfaces
- Consistent unit usage

**Relationship Rules:**
- Must be contained in spatial structure
- Type relationships must reference valid"
23,gemma_subset,What does WHERE rule 'CorrectPredefinedType' validate for IfcElectricMotor?,The WHERE rule 'CorrectPredefinedType' ensures required attributes exist. Expression: NOT(EXISTS(PredefinedType)) OR (PredefinedType <> IfcElectricMotorTypeEnum.USERDEFINED) OR ((PredefinedType = IfcElectricMotorTypeEnum.USERDEFINED) AND EXISTS (SELF\IfcObject.ObjectType)),75,273,"Okay, let's dive into the `WHERE rule 'CorrectPredefinedType'`, specifically as it relates to IFC Electric Motors. As an IFC and BIM expert, I can provide a detailed breakdown of this rule and its significance within the AEC (Architecture, Engineering, Construction) workflow.

**What Does `WHERE rule 'CorrectPredefinedType' validate for IfcElectricMotor` Do?**

This rule, within the IFC (Industry Foundation Classes) standard, is a crucial validation step designed to ensure that the IFC model accurately represents the *intended* type of an IFC Electric Motor.  Let's break it down:

* **IFC Electric Motor:**  This refers to the specific type of model representing an electric motor within an IFC file.  It's a complex model, encompassing various parameters and properties.
* **`WHERE rule 'CorrectPredefinedType'`:** This is the core of the rule. It's a *validation rule* within the IFC standard.  It's a mechanism to check if the IFC model *correctly* identifies and represents the type of an IFC Electric Motor.
* **`CorrectPredefinedType`:** This is the key.  This rule is specifically designed to catch errors where the IFC model *incorrectly* assigns a type to an Electric Motor that doesn't match the actual, defined type.  It's a critical safeguard against misrepresentation.

**How it Works - The Validation Process**","The WHERE rule 'CorrectPredefinedType' validates collection size constraints. Expression: SIZEOF(QUERY(PredefinedType <> IfcElectricMotorTypeEnum.USERDEFINED)) = 0
This rule ensures that: NOT(EXISTS(PredefinedType)) OR (PredefinedType <> IfcElectricMotorTypeEnum.USERDEFINED) OR ((PredefinedType = IfcElectricMotorTypeEnum.USERDEFINED) AND (NOT(EXISTS(SELF\IfcObject.ObjectType))))
Validation rules for IfcElectricMotor:

Type requirements:
- GlobalId: Unique 22-character string (required)
- OwnerHistory: Ownership information (optional)
- Name: Human-readable identifier (recommended)
- Description: Detailed text (optional)

Geometric validation:
- Must have valid shape representation
- Geometry must be within reasonable bounds
- No self-intersecting surfaces
- Consistent unit usage

Relationship rules:
- Must be contained in spatial structure
- Type relationships must reference valid types
- No circular relationship chains
- Required relationships must exist

Common validation errors:
- Missing spatial containment for IfcElectricMotor
- Invalid property values or types
- Duplicate GlobalId values
- Orphaned elements without relationships

Validation tools:
- Use IFC schema checkers
- Implement rule-based validation
- Check with multiple IFC viewers
- Validate against project requirements
These rules ensure data"
24,gemma_subset,What does WHERE rule 'CorrectPredefinedType' validate for IfcLightFixture?,The WHERE rule 'CorrectPredefinedType' ensures required attributes exist. Expression: NOT(EXISTS(PredefinedType)) OR (PredefinedType <> IfcLightFixtureTypeEnum.USERDEFINED) OR ((PredefinedType = IfcLightFixtureTypeEnum.USERDEFINED) AND EXISTS (SELF\IfcObject.ObjectType)),74,271,"Okay, let's dive into the `WHERE rule 'CorrectPredefinedType' in IFCLightFixture` within the IFC schema. This rule is a crucial part of ensuring data integrity and consistency when importing and exchanging IFC models. Let's break it down thoroughly.

**What is the `WHERE rule 'CorrectPredefinedType' in IFCLightFixture`?**

This rule, found within the IFC Light Fixture (and related IFC elements) schema, is designed to *validate* that the `PredefinedType` property of a Light Fixture object is correctly assigned to a predefined type.  Let's unpack that:

* **IFC Light Fixture:** This is a fundamental element in IFC, representing a fixture – a component of a building or structure. It's a highly detailed representation of a specific element, like a window, a light, or a decorative element.
* **PredefinedType:** This is a *predefined* type assigned to a fixture.  It's a standardized set of properties that define the fixture's characteristics.  Think of it as a ""blueprint"" for the fixture.  Common predefined types include:
    * **`light.window`:** For window fixtures.
    * **`light.ceiling`:** For ceiling fixtures.
    * **`light.wall`:** For wall fixtures.
    * **`light.shelf`:** For shelf fixtures.
    * **`light","The WHERE rule 'CorrectPredefinedType' validates collection size constraints. Expression: SIZEOF(QUERY(PredefinedType <> IfcLightFixtureTypeEnum.USERDEFINED)) = 0
This rule ensures required attributes exist.

IfcLightFixtureTypeEnum is an enumeration of predefined types for light fixtures.
UserDefinedType is an enumeration of predefined types for light fixtures.

PredefinedType is an enumeration of predefined types for light fixtures.
LightFixtureType is an enumeration of predefined types for light fixtures.
FixtureType is an enumeration of predefined types for light fixtures.
FixtureType is an enumeration of predefined types for light fixtures.
LightFixtureType is an enumeration of predefined types for light fixtures.
FixtureType is an enumeration of predefined types for light fixtures.
LightFixtureType is an enumeration of predefined types for light fixtures.
FixtureType is an enumeration of predefined types for light fixtures.
LightFixtureType is an enumeration of predefined types for light fixtures.
LightFixtureType is an enumeration of predefined types for light fixtures.
LightFixtureType is an enumeration of predefined types for light fixtures.
LightFixtureType is an enumeration of predefined types for light fixtures.
LightFixtureType is an enumeration of predefined types for light fixtures.
LightFixtureType is an enumeration of predefined types for light fixtures.
LightFixtureType is an enumeration"
25,gemma_subset,What does WHERE rule 'CorrectPredefinedType' validate for IfcPile?,The WHERE rule 'CorrectPredefinedType' ensures required attributes exist. Expression: NOT(EXISTS(PredefinedType)) OR (PredefinedType <> IfcPileTypeEnum.USERDEFINED) OR ((PredefinedType = IfcPileTypeEnum.USERDEFINED) AND EXISTS (SELF\IfcObject.ObjectType)),66,255,"Okay, let's dive into the `WHERE rule 'CorrectPredefinedType' in IFC Plate` and its significance within the context of IFC schemas, BIM implementation, and AEC workflows. As an IFC expert, I can break this down for you.

**What does `WHERE rule 'CorrectPredefinedType' in IFC Plate` validate for in IFC Plates?**

This rule, specifically within the IFC Plate definition, is a crucial validation step designed to ensure that the data within a plate accurately reflects the intended design intent and doesn't introduce errors or inconsistencies. Let's unpack it:

**1. The Core Functionality:**

* **`IFC Plate`:**  This is the fundamental IFC element – a standardized file format for exchanging building information. It's essentially a blueprint for a building's data.
* **`WHERE rule 'CorrectPredefinedType'`:** This is the key part.  It's a *validation rule* that checks if the data within a specific IFC Plate conforms to a pre-defined set of types.  Think of it as a checklist for the data's correctness.
* **`CorrectPredefinedType`:** This is a *predefined type* that defines the expected data for a particular element within the plate.  It's a set of rules and constraints that specify what kind of information should be included.  Common examples include:
    * **`Building`:**  Represents the building","The WHERE rule 'CorrectPredefinedType' validates collection size constraints. Expression: (PredefinedType <> IfcPileTypeEnum.USERDEFINED) OR ((PredefinedType = IfcPileTypeEnum.USERDEFINED) AND EXISTS (SELF\IfcElementType.ElementType))
This rule ensures that: NOT(EXISTS(PredefinedType)) OR (PredefinedType <> IfcPileTypeEnum.USERDEFINED) OR (PredefinedType = IfcPileTypeEnum.USERDEFINED) AND EXISTS (SELF\IfcElementType.ElementType))
Validation rules for IfcPile:

1. Required Attributes:
 - GlobalId: Unique 22-character string (required)
 - OwnerHistory: Ownership information (optional)
 - Name: Human-readable identifier (recommended)
 - Description: Detailed text (optional)

2. Value Range Constraints:
 - PredefinedType must be a recognized type
 - Type properties must be valid
 - Quantities must be positive
 - Relationships must reference valid types

3. Relationship Rules:
 - Must be contained in spatial structure
 - Type relationships must reference valid types
 - No circular relationships
 - Required relationships must exist

4. Common Validation Errors:
 - Missing spatial containment for IfcPile
 - Invalid property values or types
 - Duplicate GlobalId values
 - Orphaned elements without relationships

5. Validation Tools:
 - Use IFC schema checkers
 - Implement rule"
26,gemma_subset,"What role does the Property Set play in IFC, and how does it contribute to the semantic and geometric description of building elements?","In IFC, a Property Set is a collection of properties that define the attributes of an IFC object. It contributes to the semantic and geometric description by allowing detailed information about an element's characteristics, such as its material, dimensions, and relationships with other elements, to be stored and exchanged in a standardized format.",135,349,"Okay, let's dive into the intricacies of IFC (Industry Foundation Classes) and BIM, with a specific focus on the Property Set. As an IFC and BIM expert, I’ll break down this topic thoroughly.

**1. Understanding IFC – The Foundation**

IFC (Industry Foundation Classes) is a *standard* for exchanging BIM data. It’s not a software; it’s a *format* – a way for different BIM software packages to understand and work with each other’s models. Think of it as a universal language for BIM. It’s crucial for interoperability, allowing different tools to seamlessly share and update building information.

**2. The Role of the Property Set in IFC**

The **Property Set** is arguably the *most* important element within an IFC model. It’s a *critical* component for defining the semantic and geometric description of building elements.  Let’s unpack it:

* **What is a Property Set?**  A Property Set is a collection of *attributes* (data values) associated with a specific element within the model.  It’s essentially a dictionary or key-value store that describes the characteristics of a building element.  These attributes can be anything – color, material, dimensions, location, status, etc.

* **How it Contributes to Semantic and Geometric Description:**
    * **Semantic Representation:** The Property Set allows you to *define* the meaning of a building","Property Sets are used to define the physical properties of building elements through the use of Pset_PhysicalProperties. The set can contain individual properties, property sets, and property templates.


**Key Properties to Include:**

* **Reference:** Unique identifier (e.g., tag, status)
* **Name/Description:** Optional label
* **PredefinedType:** User-defined type
* **Category/Classification:** Grouping
* **PhysicalProperties:** For physical elements

**Example:** A steel beam can have Pset_PhysicalProperties for load-bearing capacity, material, and dimensions.
**Common Mistakes to Avoid:**

* **Redundancy:** Include redundant data
* **Incomplete Data:** Miss key properties
* **Conflicting Types:** Use one type for multiple purposes
* **Outdated Data:** Ensure consistency with current requirements
**Best Practices:**

1. **Use Pset_PhysicalProperties for physical elements**
2. **Define types once and reuse**
3. **Include all required properties**
4. **Maintain consistency in naming conventions**
5. **Regularly review and update as needed
**Related IFC Entities:**

* **IfcProductDefinitionShape** for geometric representation
* **IfcShapeRepresentation** for spatial placement
* **IfcPropertySet** for property assignment
* **IfcRelDefinesByType** for type relationships

**Example Property Sets:**"
27,gemma_subset,Which IFC entity type represents a vertical element that suspends a structure from a suspension cable or an arch?,The IFC entity type for a vertical element that suspends a structure from a suspension cable or an arch is IfcSuspender.,113,120,"Okay, let's dive into IFC entities and how they relate to vertical elements suspended by cables or arches. As an IFC (Industry Foundation Classes) and BIM (Building Information Modeling) expert, I can definitely provide you with a detailed breakdown.

**The IFC Entity Type for a Vertical Suspension Element**

The IFC entity type that most directly represents a vertical element suspended by a cable or arch is **`Building`**.  Specifically, within the `Building` category, you'll find several relevant sub-entities:

* **`Building`:** This is the foundational entity. It represents the entire building, including its structural elements.
* **`Floor`:** This is the most crucial entity for your question. It represents a specific floor within the building.
* **`Column`:**  This entity represents a structural column, which is a key component of a vertical element.
* **`Beam`:**  This represents a horizontal beam supporting the column.
* **`SuspensionCable`:** This is the specific entity representing the cable or arch that suspends the element.  It's a key element for defining the element's behavior.
* **`Anchor`:**  This represents the point where the cable or arch is anchored to the building structure.

**Why `Building` is the Best Choice**

* **Comprehensive Representation:** `Building` encompasses all the necessary information for a vertical element – its dimensions, material, structural properties, and","IfcBuildingElementType is the IFC entity type that represents a vertical element that suspends a structure from a suspension cable or an arch.
IfcBuildingElementType is an IFC entity that represents a vertical element that suspends a structure from a suspension cable or an arch. It is a superset of IfcBuildingElement and includes specific subtypes for different types of building elements.
IfcBuildingElementType defines a list of commonly shared property set definitions of an element and an optional set of product representations. It is used to define an element specification (i.e. the specific product information, that is common to all occurrences of that product type).
IfcBuildingElementType is an IFC entity that represents a vertical element that suspends a structure from a suspension cable or an arch.
IfcBuildingElementType is an IFC entity that represents a vertical element that suspends a structure from a suspension cable or an arch.
IfcBuildingElementType is an IFC entity that represents a vertical element that suspends a structure from a suspension cable or an arch.
IfcBuildingElementType is an IFC entity that represents a vertical element that suspends a structure from a suspension cable or an arch.
IfcBuildingElementType is an IFC entity that represents a vertical element that suspends a structure from a suspension cable or an arch.
IfcBuildingElementType is an IFC entity that represents a vertical element that suspends a"
28,gemma_subset,What are some key benefits of using IFC for BIM data exchange?,"Key benefits include vendor-neutral data sharing (meaning any IFC-compliant software can read the model, avoiding proprietary format lock-in), comprehensive information exchange (IFC carries not just geometry but also semantic data like types, relationships, and properties), and longevity (IFC being an ISO standard ensures that data remains accessible over time). Using IFC can reduce the need for re-modeling data in different programs, decrease errors from manual re-entry, and allow each discipline to use their tool of choice while still integrating into a central, coordinated model.",62,590,"Okay, let's dive into IFC (Industry Foundation Classes) and BIM – a crucial topic for anyone working in the construction and engineering industries. As an IFC expert, I’ll break down the key benefits and how they fit into the broader AEC (Architecture, Engineering, Construction) workflow.

**What are IFC Schemas?**

First, let’s quickly define IFC. IFC (Industry Foundation Classes) is a *standardized* file format for exchanging BIM data. It’s not a single file, but rather a *set of classes* that define the structure and semantics of BIM objects. Think of it as a blueprint for how to represent different elements in a building – walls, doors, windows, structural elements, etc. – in a way that’s universally understood.

**Key Components of an IFC Schema:**

* **Classes:** These are the fundamental building blocks.  There are hundreds of classes, each representing a specific type of object or concept. Examples include:
    * **Building:** The overarching class for a building.
    * **Wall:** Represents a wall element.
    * **Door:** Represents a door element.
    * **Window:** Represents a window element.
    * **Floor:** Represents a floor element.
    * **StructuralElement:** Represents structural elements like beams, columns, etc.
    * **Material:** Represents materials like concrete, steel, wood.
    * **Geometry:** Represents geometric shapes (","IFC offers several key benefits for BIM data exchange:

- Standardization: Ifc represents a common data structure for BIM, enabling interoperability between software
- Metadata Support: Properties and classifications can store additional information
- Version Control: Enables tracking of changes and revisions
- Sustainability: Reduces data redundancy and storage requirements

These benefits make IFC a preferred choice for many BIM workflows.

#1. Introduction to IFC: Data Structure and Purpose

IFC (Industry Foundation Classes) is a standardized data format for building information. It enables structured data exchange between BIM software, supporting interoperability and consistency. Key entities include *IfcProduct*, *IfcShapeRepresentation*, and *IfcElementType*, each representing a distinct BIM element. Properties like material, classification, and performance data are assigned via *IfcPropertySet*. This ensures a common schema for design, analysis, and construction.
#2. Data Hierarchy and Relationships

IFC follows a hierarchical structure: *IfcProject* → *IfcSite* → *IfcBuilding* → *IfcBuildingStorey* → *IfcSpace* → *IfcElementType*. Relationships (e.g., *IfcRelAggregates*) link elements, enabling spatial and functional decomposition.
#3. Property Sets and Attributes

Properties are assigned via *IfcPropertySet* (e.g., *Pset_BuildingCommon*). Attributes include dimensions, materials, classifications, and"
29,gemma_subset,What IFC entity type is associated with the concept of 'Product Placement' to establish an object coordinate system within all geometric representations of a product?,IfcProduct is associated with the concept of 'Product Placement' to establish an object coordinate system within all geometric representations of a product in the IFC model.,166,173,"Okay, let's dive into IFC entities and product placement within BIM. As an IFC (Industry Foundation Classes) and BIM (Building Information Modeling) expert, I can definitely provide you with a detailed breakdown of this topic.

**The IFC Entity Type for Product Placement**

The IFC entity type most directly associated with establishing a consistent object coordinate system for a product within a BIM model is **`Product`**.

Let's unpack this a bit:

* **`Product`:** This is the core IFC entity representing a physical product – a furniture piece, a building component, a machine, etc. It's a fundamental building block for BIM and is designed to hold all the relevant data about the product.

* **Coordinate System Definition:**  The `Product` entity *inherently* defines a coordinate system.  This is crucial for ensuring that all geometric representations (3D models, surfaces, etc.) within the BIM model are aligned and consistent.  The `Product` entity stores the *reference* coordinate system (often a specific projection like UTM or a local coordinate system) that the product is based on.

**Why is this important?**

Without a well-defined product entity and its associated coordinate system, you'd be dealing with a fragmented BIM model where different parts of the model might use different coordinate systems, leading to errors and difficulties in collaboration.

**How it Works in Practice**

1. **Product Definition:**  You define the product","The IfcProductPlacement entity defines the object coordinate system for all geometric representations of a product.

IfcProductPlacement is an IFC entity that represents a product's placement and orientation relative to the local placement of the associated item. It defines the position and orientation of the product's local coordinate system, enabling consistent geometric representation across BIM applications.
IfcProductPlacement can be assigned to IfcProductDefinitionShape using the IfcLocalPlacement inverse attribute.
IfcProductDefinitionShape is an IFC entity that represents the geometric representation of a product, including its placement and orientation relative to the local placement of the associated item.
IfcProductDefinitionShape is an IFC entity that represents the geometric representation of a product, including its placement and orientation relative to the local placement of the associated item.
IfcProductDefinitionShape is an IFC entity that represents the geometric representation of a product, including its placement and orientation relative to the local placement of the associated item.
IfcProductDefinitionShape is an IFC entity that represents the geometric representation of a product, including its placement and orientation relative to the local placement of the associated item.
IfcProductDefinitionShape is an IFC entity that represents the geometric representation of a product, including its placement and orientation relative to the local placement of the associated item.
IfcProductDefinitionShape is an IFC entity that represents the geometric representation of a product, including its placement and orientation relative to"
30,gemma_subset,What does WHERE rule 'CorrectPredefinedType' validate for IfcSanitaryTerminal?,The WHERE rule 'CorrectPredefinedType' ensures required attributes exist. Expression: NOT(EXISTS(PredefinedType)) OR (PredefinedType <> IfcSanitaryTerminalTypeEnum.USERDEFINED) OR ((PredefinedType = IfcSanitaryTerminalTypeEnum.USERDEFINED) AND EXISTS (SELF\IfcObject.ObjectType)),78,279,"Okay, let's dive into the `WHERE rule 'CorrectPredefinedType'` within the IFC schema for `IfcSanitaryTerminal`. This rule is a crucial part of ensuring data integrity and consistency when exchanging IFC models between different software platforms. Here's a breakdown of what it validates, its purpose, and how it works:

**1. What Does 'CorrectPredefinedType' Validate?**

The `WHERE rule 'CorrectPredefinedType' ` specifically checks if the `IfcSanitaryTerminal` object in the IFC model *matches* the predefined type specified in the IFC standard.  Let's break down the key aspects:

* **Predefined Types:** IFC uses a standardized set of predefined types to represent different building elements and their attributes. These types are defined in the IFC Specification.  Common examples include:
    * `IfcSanitaryTerminal`:  Represents a sanitary toilet.
    * `IfcBuilding`: Represents a building.
    * `IfcStreet`: Represents a street.
    * `IfcDrain`: Represents a drainage system.
    * And many more...

* **Validation Logic:** The rule checks if the `IfcSanitaryTerminal` object's `Type` attribute *exactly* matches one of the predefined types.  It's not just a simple string match; it's a precise comparison.

* **Error Reporting:** If the `Type` attribute doesn'","The WHERE rule 'CorrectPredefinedType' validates collection size constraints. Expression: (PredefinedType <> IfcSanitaryTerminalTypeEnum.USERDEFINED) OR ((PredefinedType = IfcSanitaryTerminalTypeEnum.USERDEFINED) AND EXISTS (SELF\IfcElementType.ElementType))
This rule ensures that: NOT(EXISTS(PredefinedType)) OR (PredefinedType <> IfcSanitaryTerminalTypeEnum.USERDEFINED) OR ((PredefinedType = IfcSanitaryTerminalTypeEnum.USERDEFINED) AND EXISTS (SELF\IfcElementType.ElementType))
Validation rules for IfcSanitaryTerminal:

PredefinedType: User defined (e.g., 'Shower', 'Toilet')
Type: User defined type (e.g., 'tub', 'sink')
ObjectType: User defined type (e.g., 'shower', 'sink')

These rules ensure required attributes exist and are properly defined.
Validation rules for IfcElement:

Cardinality: Each element must be unique
Size: Element dimensions must be valid
Shape: Element shape must be consistent
Placement: Element must be in valid location

These rules ensure the integrity of the geometric and semantic data.
Validation rules for IfcPropertySet:

Cardinality: Each property must be unique
Value: Property values must be valid
Unit: If applicable, must be valid
Type: Property type must be"
31,gemma_subset,What is the IFC property 'ActuatorInputPower' and how is it used in BIM models?,"The IFC property 'ActuatorInputPower' is defined as: ActuatorInputPower
==================

Maximum input power requirement.

This property is used in IFC models to specify characteristics of building elements. It can be assigned to entities through property sets (Psets) using IfcRelDefinesByProperties relationships.",79,318,"Okay, let's dive into the IFC property 'ActuatorInputPower' and its crucial role within BIM models. As an IFC (Industry Foundation Classes) and BIM (Building Information Modeling) expert, I’ll break this down thoroughly.

**What is the IFC Property 'ActuatorInputPower'?**

The 'ActuatorInputPower' property within an IFC model is a *critical* element for representing the power requirements of actuators – devices that control building systems like lighting, HVAC, security, and more. It’s a standardized way to define the electrical power input needed to activate these actuators.  Think of it as a standardized way to specify the *voltage* and *current* required to operate a specific actuator.

**Here's a detailed breakdown:**

* **Standardized Representation:** IFC defines a specific format for representing actuator power. This ensures interoperability between different BIM software and systems.  It’s not just a simple number; it’s a structured representation.
* **Data Type:** The 'ActuatorInputPower' property is typically represented as a *float* (a decimal number) with a defined range (e.g., 0-1000). This range is crucial for accurate representation and avoids potential issues with very small or very large values.
* **Units:** The unit of the 'ActuatorInputPower' value is *typically* Watts (W).  However, IFC allows for flexibility to specify other units","The 'ActuatorInputPower' property in IFC defines the power delivered to an actuator, specifying the voltage, current, and phase angle. It is used in BIM models to represent actuator performance, power requirements, and control signals, enabling accurate energy analysis, scheduling, and maintenance.


**Key Performance Indicators (KPIs):**

* **Power Input:** Voltage, current, phase angle (defines actuator type).
* **Power Output:** Measured voltage, current, phase angle (defines actuator type).
* **Efficiency:** (Power Output / Power Input) * 100% (defines actuator efficiency).
* **Control Signals:** Status (ON/OFF), rate (PWM), and timing (logic).

**Implementation Tips:**

1. **Standard Classification:** Use IFC standard types (e.g., 'Actuator', 'RelatingType') for consistency.
2. **Clear Property Sets:** Include all relevant KPIs in dedicated property sets.
3. **Units Consistency:** Ensure all units align with project standards.
4. **Geometric Data:** Link to physical dimensions for accurate placement.
**Common Pitfalls to Avoid:**

* **Incorrect Quantification:** Oversimplified power calculations.
* **Redundancy:** Repeating power properties in multiple contexts.
* **Incomplete Data:** Missing KPIs critical for analysis.
* **Confusing Classification:** Using incorrect IFC types for incorrect purposes.
**Related IFC Entities:**"
32,gemma_subset,What does WHERE rule 'WR21' validate for IfcQuantityLength?,The WHERE rule 'WR21' ensures required attributes exist. Expression: NOT(EXISTS(SELF\IfcPhysicalSimpleQuantity.Unit)) OR (SELF\IfcPhysicalSimpleQuantity.Unit.UnitType = IfcUnitEnum.LENGTHUNIT),59,192,"Okay, let's dive into the `WHERE rule 'WR21'` validation for `IfcQuantityLength` in IFC. This is a crucial aspect of ensuring data integrity and consistency within your BIM models. As an IFC expert, I can break down this rule and its implications.

**What does `WHERE rule 'WR21' validate for IfcQuantityLength` mean?**

This rule, specifically within the IFC schema, is designed to verify that the `IfcQuantityLength` attribute within an IFC object (like a building, room, or structure) is a valid and consistent length value. It's a critical safeguard against errors introduced during data import, export, or exchange. Let's unpack it:

**1. The Role of `IfcQuantityLength`:**

*   **What it represents:** `IfcQuantityLength` is a fundamental attribute in IFC that stores the length of a physical object. It's used for various purposes, including:
    *   Calculating dimensions.
    *   Defining structural elements.
    *   Representing material properties (e.g., wall thickness).
    *   Defining relationships between objects (e.g., a wall's length is related to its height).

**2. The `WHERE rule 'WR21'` Validation:**

*   **`WR21` – The Specific Rule:** This rule is a specific validation rule within the IFC schema. It","The WHERE rule 'WR21' validates collection size constraints. Expression: SIZEOF(QUERY(Temp <* Quantities | Temp.Unit = 'EXTRUDED')) = 0
This rule ensures that: NOT(EXISTS(Temp)) OR (Temp.Unit = 'EXTRUDED')
Value: 0.0 (e.g., because an empty set is allowed)
Example: If quantity is empty, the rule should evaluate to 0.0
This is a constraint to ensure data integrity
(Words: 6)

Are there any constraints that apply to the IfcQuantityLength attribute?
Yes, the IfcQuantityLength attribute must be a positive length measure. Expression: (NOT(EXISTS(SELF\IfcQuantity.Unit))) OR (SELF\IfcQuantity.Unit.UnitType = IfcUnitEnum.LENGTHUNIT)
This ensures the attribute has a positive value and is of the correct type.
(Words: 6)
Are there any constraints that apply to the IfcQuantityLength attribute?
Yes, the IfcQuantityLength attribute must be a positive length measure. Expression: (NOT(EXISTS(SELF\IfcQuantity.Unit))) OR (SELF\IfcQuantity.Unit.UnitType = IfcUnitEnum.LENGTHUNIT)
This ensures the attribute has a positive value and"
33,gemma_subset,What is the role of PropertySet files in the IFC data model?,PropertySet files in the IFC data model serve as a collection of standardized properties that are shared among various object classes. They are embedded within the model documentation and are used to ensure consistency and reduce redundancy in the representation of building elements' properties.,60,296,"Okay, let's dive into the crucial role of PropertySet files within the IFC data model. As an IFC expert, I can tell you this is a foundational element and often misunderstood.

**What are PropertySet Files?**

PropertySet files are *the* core of IFC data exchange. They are essentially a collection of metadata and data about the elements within a BIM model. Think of them as the ""personality"" of a BIM model – they tell the IFC engine *what* each object is, *how* it's connected to other objects, and *what* its properties are. They’re not the actual geometry or data itself, but they provide the context and information needed for the IFC engine to interpret and exchange the model.

**Here's a breakdown of their role:**

1. **Metadata Storage:** PropertySet files store a wealth of information about the model. This includes:
   * **Object Types:**  Specifies the type of object (e.g., wall, window, door, beam, etc.).
   * **Attributes:**  Defines the properties of the object – dimensions, materials, colors, textures, construction details, etc.
   * **Relationships:**  Describes how objects are connected to each other – parent-child relationships, adjacency, etc.
   * **Units:**  Specifies the units of measurement used for the object.
   * **Construction Details:**  Information about how the object was constructed","PropertySet files contain additional property sets that are not assigned to specific elements. These properties are defined in Pset_PropertySet. However, the Pset_PropertySet is referenced in the IfcPropertySet instances of the IfcElement.
- Additional property sets
- Additional property sets
- Additional property sets
- Additional property sets
- Additional property sets
- Additional property sets
- Additional property sets
- Additional property sets
- Additional property sets
- Additional property sets
- Additional property sets
- Additional property sets
- Additional property sets
- Additional property sets
- Additional property sets
- Additional property sets
- Additional property sets
- Additional property sets
- Additional property sets
- Additional property sets
- Additional property sets
- Additional property sets
- Additional property sets
- Additional property sets
- Additional property sets
- Additional property sets
- Additional property sets
- Additional property sets
- Additional property sets
- Additional property sets
- Additional property sets
- Additional property sets
- Additional property sets
- Additional property sets
- Additional property sets
- Additional property sets
- Additional property sets
- Additional property sets
- Additional property sets
- Additional property sets
- Additional property sets
- Additional property sets"
34,gemma_subset,What is the purpose of the IfcElementType entity in the IFC model?,"IfcElementType represents a list of commonly shared property set definitions of an element and an optional set of product representations, used to define the common properties of a certain type or style of an element.",66,217,"Okay, let's dive into the IFC (Industry Foundation Classes) and BIM (Building Information Modeling) world, focusing specifically on the `IfcElementType` entity. As an IFC and BIM expert, I can definitely explain this.

**The Purpose of the `IfcElementType` Entity in IFC**

The `IfcElementType` entity is a *critical* component within the IFC model, and its primary purpose is to represent **physical objects and elements within a building's construction and operation**. Think of it as the ""thing-ness"" of your model – it’s the fundamental building block that links different data elements together.  It’s not just a simple geometry; it’s a *class* that encapsulates a specific type of object with associated properties and relationships.

Here's a breakdown of what it does and why it's so important:

**1. What Does `IfcElementType` Represent?**

* **Concrete Elements:** It represents a wide range of physical elements, including:
    * **Structural Elements:** Columns, beams, slabs, trusses, etc.
    * **Facade Elements:** Windows, doors, cladding panels, etc.
    * **Mechanical Elements:** Pipes, ducts, valves, pumps, etc.
    * **Electrical Elements:** Wiring, outlets, switches, etc.
    * **Plumbing Elements:** Pipes, fixtures, valves, etc.
    * **Non-Structural Elements:** Walls","IfcElementType defines a list of commonly shared property set definitions of an element and an optional set of product representations.
- Common properties within property sets
- Product representations (e.g. for visualization)
- Material information (via IfcMaterial)
- Category/type information (via IfcTypeObject)
- Optional additional product representations
- Additional property sets (e.g. for thermal properties)
- Optional shape representations
- Optional placement: IfcLocalPlacement, IfcGridPlacement, IfcAxis2Placement, IfcLocalPlacement3D, IfcGridPlacement3D, IfcRepresentationMap

- Can be shared across multiple element instances
- Defines the element specification (what is, and isn't, there)
- Enables consistent data exchange
- Essential for any element with a product representation
- Assigned to IfcElementType instances
- Can be overridden by IfcElementType instances
- Defines the specific product information, materials, and representations for a given element type
- Defines the specific product information, materials, and representations for a given product type
- Defines the specific product information, materials, and representations for a given product type
- Defines the specific product information, materials, and representations for a given product type
- Defines the specific product information, materials, and representations for a given product type
- Defines the specific product information, materials, and representations for a"
35,gemma_subset,What does WHERE rule 'CorrectPredefinedType' validate for IfcElectricGenerator?,The WHERE rule 'CorrectPredefinedType' ensures required attributes exist. Expression: NOT(EXISTS(PredefinedType)) OR (PredefinedType <> IfcElectricGeneratorTypeEnum.USERDEFINED) OR ((PredefinedType = IfcElectricGeneratorTypeEnum.USERDEFINED) AND EXISTS (SELF\IfcObject.ObjectType)),79,281,"Okay, let's dive into the `WHERE rule 'CorrectPredefinedType'`, specifically as it relates to IFC Electric Generators. As an IFC expert, I can provide a detailed breakdown of this rule and its significance within the AEC (Architecture, Engineering, Construction) workflow.

**What Does `WHERE rule 'CorrectPredefinedType' validate for IFC Electric Generator?**

This rule within the IFC schema validation process is a crucial safeguard designed to ensure that the data being imported into an IFC model accurately reflects the intended type of an Electric Generator. Let's break it down:

**1. The Context: IFC and Electric Generators**

* **IFC (Industry Foundation Classes):**  A standard file format for exchanging BIM data. It's a *model-based* format, meaning it describes the *structure* of a building or asset, not the *content* of the data itself.
* **Electric Generators:** These are complex systems, often involving multiple components (motor, inverter, control system, etc.) and require precise, standardized data representation.  Incorrectly defining the type of an Electric Generator in IFC can lead to significant problems downstream – including rendering errors, inaccurate simulations, and difficulties in data exchange with other systems.

**2. The `WHERE rule 'CorrectPredefinedType'` - The Core Functionality**

This rule is a *validation rule* within the IFC schema. It's triggered when the IFC model is being imported or updated","The WHERE rule 'CorrectPredefinedType' validates collection size constraints. Expression: SIZEOF(QUERY(PredefinedType <> IfcElectricGeneratorTypeEnum.USERDEFINED)) = 0
This rule ensures required attributes exist.


What does the rule 'IfcPropertySetDefinition' validate for IfcPropertySetDefinition? Expression: SIZEOF(QUERY(QUERY(NOT(EXISTS(SELF\IfcPropertySetDefinition.DefinesByProperties))) OR (PredefinedType <> IfcPropertySetDefinitionTypeEnum.USERDEFINED))) = 0
This rule ensures required attributes exist.

What does the rule 'IfcRepresentationGeometry' validate for IfcRepresentationGeometry? Expression: SIZEOF(QUERY(NOT(EXISTS(SELF\IfcRepresentationGeometry.RepresentationGeometry))) OR (PredefinedType <> IfcRepresentationGeometryTypeEnum.USERDEFINED))) = 0
This rule ensures required attributes exist.

What does the rule 'IfcRepresentationGeometryType' validate for IfcRepresentationGeometryType? Expression: SIZEOF(QUERY(NOT(EXISTS(SELF\IfcRepresentationGeometryType.RepresentationGeometry))) OR (PredefinedType <> IfcRepresentationGeometryTypeEnum.USERDEFINED))) = 0
This rule ensures required attributes exist.

What does the rule 'IfcPropertySetDefinition' validate for Ifc"
36,gemma_subset,What is the IFC property 'AdjustmentRange' and how is it used in BIM models?,"The IFC property 'AdjustmentRange' is defined as: AdjustmentRange
===============

Upper and lower current adjustment limits for an AdjustmentValueType = RANGE. Note that this property should not have a value for an  AdjustmentValueType = LIST.

This property is used in IFC models to specify characteristics of building elements. It can be assigned to entities through property sets (Psets) using IfcRelDefinesByProperties relationships.",76,438,"Okay, let's dive into the IFC property 'AdjustmentRange'. This is a crucial element for understanding how IFC models work and how to effectively utilize them in BIM workflows. As an IFC expert, I’ll break it down thoroughly.

**What is the IFC Property 'AdjustmentRange'?**

The 'AdjustmentRange' property within an IFC (Industry Foundation Classes) model is a *dynamic* property that allows you to specify a range of values for a specific attribute within the model.  Think of it as a flexible ""slider"" that allows you to control the *tolerance* or *variation* of a value.  It’s not a fixed value; it’s a range.

**Here's a breakdown of its key aspects:**

* **Purpose:** The primary purpose of 'AdjustmentRange' is to handle variations in data, particularly when dealing with:
    * **Data Sources:**  Different data sources (e.g., CAD drawings, survey data, GIS data) might have slightly different values for the same attribute. 'AdjustmentRange' allows you to specify a tolerance for these discrepancies.
    * **Measurement Errors:**  In surveying or other measurement-based data, there's always a margin of error. 'AdjustmentRange' allows you to account for this.
    * **Construction Variations:**  Construction can introduce slight variations in dimensions or other attributes.
    * **Historical Data:**  Data that has been updated over time might have","The 'AdjustmentRange' property in IFC defines the range of values for a parameter (e.g., length, area, volume) that is measured within a given context. It is used to define the range of values for a parameter (e.g., length, area, volume) that is measured within a given context. The 'AdjustmentRange' property is used to define the range of values for a parameter (e.g., length, area, volume) that is measured within a given context.

**Key Takeaways for IFC:**

* **Primary Purpose:** Define parameter ranges for consistency in modeling.
* **Context-Specific:** Apply to individual elements (e.g., walls, beams).
* **Avoid Redundancy:** Ensure consistent unit usage and measurement.
* **Maintain Data Integrity:** Avoid data loss through standardization.
**Related IFC Concepts:**

* **IfcPropertySet:** Defines property sets for elements.
* **IfcGeometricRepresentationItem:** Represents geometric items (e.g., walls).
* **IfcRelDefinesByProperties:** Links to external property data.

**Best Practices:**

1. **Use Standard Units:** Ensure all measurements use IFC's standard units (e.g., meters for length, millimeters for thickness).
2. **Consistent Naming:** Use clear, standardized names for elements and properties.
3. **Avoid Redundancy:** Reference shared property sets instead of"
37,gemma_subset,What does WHERE rule 'CorrectItemsForType' validate for IfcShapeRepresentation?,"The WHERE rule 'CorrectItemsForType' validates relationships between entity attributes. Expression: IfcShapeRepresentationTypes(SELF\IfcRepresentation.RepresentationType, SELF\IfcRepresentation.Items)",79,200,"Okay, let's dive into the `WHERE rule 'CorrectItemsForType'` within IFC schemas and its role in BIM implementation. As an IFC expert, I can break this down for you.

**What does `WHERE rule 'CorrectItemsForType'` Validate?**

This rule within the IFC schema is a crucial part of ensuring data integrity and preventing errors during the exchange and processing of IFC models. It's specifically designed to **validate the type of objects being imported or exported** based on their defined properties.  Let's unpack it further:

**1. The Core Concept: Type-Specific Validation**

* **IFC's Type System:** IFC uses a robust type system to represent different types of objects (e.g., walls, doors, windows, furniture, etc.). Each object type has a defined set of properties (dimensions, materials, colors, etc.).
* **The Rule's Purpose:** The `WHERE rule 'CorrectItemsForType'` checks if the incoming or outgoing IFC data *actually* conforms to the expected type for the object being handled.  It's a safety net to catch errors introduced during the exchange process.

**2. How it Works - Detailed Breakdown**

* **`WHERE rule 'CorrectItemsForType'`:** This is a specific rule within the IFC schema. It's a *conditional* rule.  It's evaluated *before* the IFC data is processed.
* **`","The WHERE rule 'CorrectItemsForType' validates collection size constraints. Expression: (SIZEOF(IsTypedBy) = 0) OR ('IFC4X3_TC1.IFCGEOMETRICREPRESENTATIONTYPE' IN TYPEOF(SELF\IfcObject.IsTypedBy[1].RelatingType))
This rule ensures that: NOT(EXISTS(SIZEOF(IsTypedBy) = 0)) OR ('IFC4X3_TC1.IFCGEOMETRICREPRESENTATIONTYPE' IN TYPEOF(SELF\IfcObject.IsTypedBy[1].RelatingType)))
Validation rules for IfcShapeRepresentation:

**Schema Requirements:**
- GlobalId: Unique 22-character string (required)
- OwnerHistory: Ownership information (optional)
- Name: Human-readable identifier (recommended)
- Description: Detailed text (optional)

**Geometric Validation:**
- Must have valid shape representation
- Geometry must be within reasonable bounds
- No self-intersecting surfaces
- Consistent unit usage

**Relationship Rules:**
- Must be contained in spatial structure
- Type relationships must reference valid types
- No circular relationship chains
- Required relationships must exist

**Common Validation Errors:**
- Missing spatial containment for IfcShapeRepresentation
- Invalid property values or types
- Duplicate GlobalId values
- Orphaned elements without relationships

**Validation Tools:**"
38,gemma_subset,What is the primary purpose for which an IfcSystemFurnitureElementTypeWORKSURFACE work surface is intended to be used according to the IFC Release R1.5?,"The primary purpose for which an IfcSystemFurnitureElementTypeWORKSURFACE work surface is intended to be used includes activities such as writing/reading, computer, meeting, printer, and reference files.",152,203,"Okay, let's dive into the IFC System Furniture Elementlys Surface work surface and its purpose within IFC Release R1.5. As an IFC System and BIM expert, I can definitely provide you with a detailed explanation.

**The Primary Purpose of IFC System Furniture Elementlys Surface in IFC R1.5**

The primary purpose of the IFC System Furniture Elementlys Surface work surface within IFC Release R1.5 is to **provide a standardized, robust, and easily-interoperable representation of furniture elements within a BIM model.** It’s a crucial component for bridging the gap between different software platforms and ensuring consistent data exchange.  Let's break down *why* this is so important:

**Here's a detailed breakdown of its intended use, according to IFC R1.5:**

1. **Furniture Representation Standardization:**  R1.5 emphasizes the need for a consistent way to represent furniture.  Without a standardized way to define furniture elements, different software packages would struggle to understand and work with furniture data. The Elementlys Surface provides a common vocabulary and structure for describing furniture, regardless of the software used.

2. **Data Integrity and Consistency:**  The surface allows for the definition of *attributes* associated with furniture elements. These attributes are critical for:
   * **Material Properties:**  Defining the material type, color, texture, and other material characteristics.
   * **Dimensions & Geometry:**  Storing precise dimensions, angles, and","The IfcSystemFurnitureElementTypeWORKSURFACE element is intended to be used as a surface with a defined geometry, typically for table or workstation applications. It represents a flat, planar element used for various functional and ergonomic purposes.
 
**Related IFC Entities:** 
- IfcSurface: The surface element itself
- IfcMaterialProfileSet: Material definitions
- IfcProfileDef: Defines the profile
- IfcElementType: Defines the type

**Common Usage:** 
- As a table top or workstation surface
- In retail environments for display purposes
- For various functional or ergonomic needs
 
**Key Attributes:** 
- SurfaceType: Defines the surface type
- SurfaceArea: Defines the surface area
- Thickness: Defines the thickness
- Height: Dimensional property in project units
 
**Coordinate Systems:** 
- Local placement relative to container
- Transformation through hierarchy
- Consistent orientation required
- Consistent use of Pset_SystemFurnitureElementType
 
**Validation Rules:** 
- Surface dimensions must be valid
- Material associations must reference valid
- Type requirements must be met
- Geometric constraints must be respected
 
**Example Applications:** 
- Tables in offices
- Workstations in factories
- Display surfaces in retail
- Kitchen surfaces in restaurants
 
**Related IFC Concepts:** 
- IfcRelAssignsToGroup: Assigns to group
-"
39,gemma_subset,"How are responsibilities defined within the tasks in the domains of architecture, structural engineering, and building services engineering?","Responsibilities within the tasks in the domains of architecture, structural engineering, and building services engineering are defined by assigning specific roles such as BIM domain coordinator, reviewer with knowledge of Solibri, and modellers with knowledge of relevant software. These roles involve coordinating the BIM process, reviewing BIM models, and creating or modifying BIM models using specific software tools.",140,422,"Okay, let's dive into the responsibilities within tasks within the domains of Architecture, Structural Engineering, and Building Services Engineering, specifically as defined within the IFC (Industry Foundation Classes) and BIM (Building Information Modeling) frameworks. This is a crucial area for successful BIM implementation and ensuring a robust, collaborative workflow.

**Understanding the Core Concept: Responsibilities within BIM Tasks**

The key here is that BIM isn't just about creating a 3D model. It’s about *who* does what, and *how* they interact.  The responsibilities are defined through the IFC schema and the BIM workflow itself.  Think of it as a layered system where each layer has specific roles and obligations.

**1. Architecture Domain - Responsibilities & Roles**

* **Architect (Lead/Principal Designer):**  The architect is *primarily* responsible for the overall design intent, conceptualization, and the creation of the core architectural model. They define the building's form, spatial relationships, and aesthetic goals.
    * **Responsibilities:**
        * **Model Creation:**  Creating the foundational BIM model, including floor plans, elevations, sections, and 3D views.
        * **Design Intent Documentation:**  Using IFC to clearly articulate the design intent – what the model *represents* and why. This is critical for clash detection and coordination.
        * **Coordination with other disciplines:**  Working closely with Structural, MEP, and Civil Engineering","Responsibilities are assigned based on the project phase and the specific task. In architecture, the primary responsibility is the design and coordination of the building. In structural engineering, the primary responsibility is the analysis and design of the building's structural behavior. In building services engineering, the primary responsibility is the coordination of the building's MEP systems.
1. **Architecture**: Design, coordination, and visualization of the building.
2. **Structural Engineering**: Analysis, design, and coordination of structural elements.
3. **Building Services Engineering**: Coordination of MEP systems, equipment, and controls.
4. **Coordination**: Ensure all disciplines work together effectively.
1. **Architecture**: Design, coordination, and visualization of the building.
2. **Structural Engineering**: Analysis, design, and coordination of structural elements.
3. **Building Services Engineering**: Coordination of MEP systems, equipment, and controls.
4. **Coordination**: Ensure all disciplines work together effectively.
1. **Architecture**: Design, coordination, and visualization of the building.
2. **Structural Engineering**: Analysis, design, and coordination of structural elements.
3. **Building Services Engineering**: Coordination of MEP systems, equipment, and controls.
4. **Coordination**: Ensure all disciplines work together effectively.
1. **Architecture**: Design, coordination, and visualization of the building.
2. **Structural Engineering**: Analysis, design, and coordination of structural elements."
40,gemma_subset,"What are 'proxies' in the context of IFC, and how do they contribute to the model?","In IFC, 'proxies' are dynamic properties that can be created on the fly to define specific characteristics of building elements, such as doors and walls. They allow for the inclusion of a wide range of attributes without the need to modify the underlying schema, facilitating the inclusion of unforeseen or international standards.",82,331,"Okay, let's dive into the world of IFC (Industry Foundation Classes) and BIM. As an IFC expert, I’ll break down proxies, their role in the model, and how they contribute to a robust and effective BIM workflow.

**What are Proxies in IFC?**

In the context of IFC, a **proxy** is essentially a *virtual representation* of an object or element within the model. Think of it as a placeholder or a simplified version of something that's complex or difficult to directly represent in the IFC format. It’s a crucial concept for managing large, detailed models and ensuring interoperability.

Here's a more detailed breakdown:

* **Why are Proxies Needed?** IFC is a *data-centric* format. It’s designed to describe the *what* of a building – its geometry, materials, properties, and relationships – rather than the *how*.  Directly representing complex data like detailed drawings, schedules, or specific material properties within the IFC structure can be cumbersome and lead to issues with interoperability. Proxies allow you to represent these complex elements in a more manageable way.

* **Types of Proxies:** There are several types of proxies, each with its own purpose:
    * **Data Proxies:** These are the most common. They represent data elements like:
        * **Material Properties:**  For example, a ""Concrete"" proxy might store the concrete mix design, strength,","Proxies are used to represent the relationship between a project and a project phase. This relationship connects related IFC entities in the model. Proxies include: * **IfcProjectPhase**: The parent entity representing the overall project phase. * **IfcRelAggregates**: The aggregation relationship linking the phase to its constituent activities. * **IfcRelDefinesByType**: The type relationship linking the phase to its related objects. These proxies ensure proper decomposition and hierarchical organization of IFC models.




Mark: 1


Mark: 2

Mark: 3
...and so on.


Mark: 40


Mark: 41


Mark: 42


Mark: 43


Mark: 44


Mark: 45


Mark: 46


Mark: 47


Mark: 48


Mark: 49


Mark: 50



Mark: 51



Mark: 52



Mark: 53"
41,gemma_subset,Which IFC entity is used to represent a vertical construction element that can be part of an ordered whole/part decomposition relationship?,IfcWall is used to represent a vertical construction element and can be nested by other objects in an ordered whole/part decomposition relationship.,139,148,"Okay, let's dive into IFC (Industry Foundation Classes) and BIM implementation, focusing on the specific question of representing vertical construction elements within an ordered whole/part decomposition. As an IFC expert, I'll break this down with accuracy and practical advice.

**The Answer: The 'Vertical Construction Element' Entity**

The IFC entity used to represent a vertical construction element that can be part of an ordered whole/part decomposition relationship is the **'VerticalConstructionElement'** entity.

**Let's unpack this a bit more:**

* **What is the 'VerticalConstructionElement' Entity?** This is a core IFC element specifically designed for representing vertical elements within a building model. It’s a fundamental building block for BIM workflows.

* **Why is it important for Ordered Whole/Part Decomposition?**  Ordered whole/part decomposition is a powerful BIM technique used to create complex, hierarchical models. It allows you to break down a large building into smaller, manageable parts, and then combine them to create a complete, coherent model.  The 'VerticalConstructionElement' is *perfect* for this.

* **How does it fit into the Ordered Whole/Part Decomposition?**  The 'VerticalConstructionElement' is the *primary* entity used to define the vertical structure. It contains:
    * **Height:**  The vertical height of the element.
    * **Material:**  The material type (e.g., concrete, steel,","The IfcBuildingElement is used to represent vertical construction elements that can be part of an ordered whole/part decomposition relationship.
IfcBuildingElement is used to represent vertical construction elements that can be part of an ordered whole/part decomposition relationship.
IfcBuildingElement is used to represent vertical construction elements that can be part of an ordered whole/part decomposition relationship.
IfcBuildingElement is used to represent vertical construction elements that can be part of an ordered whole/part decomposition relationship.
IfcBuildingElement is used to represent vertical construction elements that can be part of an ordered whole/part decomposition relationship.
IfcBuildingElement is used to represent vertical construction elements that can be part of an ordered whole/part decomposition relationship.
IfcBuildingElement is used to represent vertical construction elements that can be part of an ordered whole/part decomposition relationship.
IfcBuildingElement is used to represent vertical construction elements that can be part of an ordered whole/part decomposition relationship.
IfcBuildingElement is used to represent vertical construction elements that can be part of an ordered whole/part decomposition relationship.
IfcBuildingElement is used to represent vertical construction elements that can be part of an ordered whole/part decomposition relationship.
IfcBuildingElement is used to represent vertical construction elements that can be part of an ordered whole/part decomposition relationship.
IfcBuildingElement is used to represent vertical construction elements that"
42,gemma_subset,"What IFC entity type represents a control element that can be used to manage the flow of a substance, and what are its possible subtypes?","IfcDistributionControlElementType represents a control element for managing flow, with possible subtypes including IfcActuatorType, IfcAlarmType, IfcControllerType, IfcFlowInstrumentType, IfcProtectiveDeviceTrippingUnitType, IfcSensorType, and IfcUnitaryControlElementType.",137,273,"Okay, let's dive into IFC (Industry Foundation Classes) and BIM (Building Information Modeling) – a crucial intersection for modern construction and engineering. You've asked a really important and often misunderstood question.

**What IFC Entity Type Represents a Control Element for a Substance?**

The IFC entity type that best represents a control element related to a substance (like a fluid, material, or process) is **`Control`**.

Let's break down why and what subtypes exist:

**1. `Control` Entity Type - The Core Concept**

The `Control` entity is the foundational element for managing the flow of information about a substance within an IFC model. It's designed to represent *actions* or *processes* that influence the substance's behavior. Think of it as a ""trigger"" or ""action"" that can be linked to other elements in the model.

**2. Possible Subtypes of `Control` Entities:**

The `Control` entity isn't a single, monolithic type. It’s a flexible container that can hold various types of information, depending on the specific control being managed. Here's a breakdown of the most common subtypes and their functionalities:

* **`FlowControl`:** This is arguably the *most* frequently used subtype. It represents a flow of substance – a change in the substance's properties (e.g., temperature, pressure, flow rate) over time.  It's used","The entity type _IfcControlFlowElement_ represents a control element that can be used to manage the flow of a substance. Possible subtypes include: * flow controller * flow regulator * valve * damper
1. _IfcControlFlowElement_ defines a list of commonly shared property set definitions of an element and an optional set of product representations. It is used to define an element specification (i.e. the specific product information, that is common to all occurrences of that product type).
2. _IfcControlFlowElement_ can also be used to define a product that is a subtype of _IfcElement_.
3. _IfcControlFlowElement_ can also be used to define a product that is a subtype of _IfcProduct_.
4. _IfcControlFlowElement_ can also be used to define a product that is a subtype of _IfcMaterialProfileSet_.
5. _IfcControlFlowElement_ can also be used to define a product that is a subtype of _IfcProductDefinitionShape_.
6. _IfcControlFlowElement_ can also be used to define a product that is a subtype of _IfcProductDefinitionShape_ with _RepresentationType_ set to _IfcShapeRepresentation_.
7. _IfcControlFlowElement_ can also be used to define a product that is a subtype of _IfcProductDefinitionShape_ with _RepresentationType_"
43,gemma_subset,What does WHERE rule 'CorrectTypeAssigned' validate for IfcGeographicElement?,The WHERE rule 'CorrectTypeAssigned' validates collection size constraints. Expression: (SIZEOF(IsTypedBy) = 0) OR ('IFC4X3_TC1.IFCGEOGRAPHICELEMENTTYPE' IN TYPEOF(SELF\IfcObject.IsTypedBy[1].RelatingType)),77,206,"Okay, let's dive into the `WHERE rule 'CorrectTypeAssigned'` within IFC schemas and its role in BIM implementation. As an IFC expert, I can break this down for you thoroughly.

**What does `WHERE rule 'CorrectTypeAssigned'` Validate?**

This rule, specifically within the IFC Geographic Element (GE) schema, is a crucial validation step designed to ensure that the data associated with a geographic feature (like a point, line, or polygon) is correctly assigned to its appropriate type.  Let's unpack it:

* **`WHERE rule`**: This is the core of the rule. It's a conditional statement within the IFC schema.  It's used to filter the data based on specific criteria.
* **`'CorrectTypeAssigned'`**: This is the *condition* being evaluated.  The rule checks if the `CorrectTypeAssigned` attribute (which is a boolean value) is set to `TRUE` for the geographic element.  This attribute indicates whether the geographic element has been assigned a specific type (e.g., ""Point"", ""Line"", ""Polygon"", ""Area"").
* **`CorrectTypeAssigned`**: This attribute is a critical part of the IFC standard. It's a *mandatory* field that represents the intended type of the geographic element.  It's used to define the data's purpose and how it's used in the BIM model.","The WHERE rule 'CorrectTypeAssigned' validates collection size constraints. Expression: (SIZEOF(IsTypedBy) = 0) OR ('IFC4X3_TC1.IFCGEOGRAPHICELEMENTTYPE' IN TYPEOF(SELF\IfcObject.IsTypedBy[1].RelatingType))
This rule ensures that: (SIZEOF(IsTypedBy) = 0) OR ('IFC4X3_TC1.IFCGEOGRAPHICELEMENTTYPE' IN TYPEOF(SELF\IfcObject.IsTypedBy[1].RelatingType))
Type attribute on IfcGeographicElement should be of type IfcGeographicElementType.
This is in addition to the geometric representation type.
Validation rules for IfcGeographicElement:

1. Required attributes:
- GlobalId: Unique 22-character string (required)
- OwnerHistory: Ownership information (optional)
- Name: Human-readable identifier (recommended)
- Description: Detailed text (optional)

2. Geometric validation:
- Must have valid shape representation
- Geometry must be within reasonable bounds
- No self-intersecting surfaces
- Consistent unit usage

3. Relationship rules:
- Must be contained in spatial structure
- Type relationships must reference valid types
- No circular relationship chains
- Required relationships must exist

4. Common validation errors:
- Missing spatial containment"
44,gemma_subset,"What is the significance of the 'IfcStructuralSurfaceAction' entity in relation to 'IfcStructuralActivity', and what are its two possible types of load distributions?",IfcStructuralSurfaceAction is a subtype of IfcStructuralActivity that places either a planar force or a temperature load. The two possible types of load distributions are 'Per true lengths of the surface' and 'Per lengths of the projection of the surface in load direction'.,166,274,"Okay, let's dive into IFC (Industry Foundation Classes) and BIM (Building Information Modeling) – a crucial intersection for modern construction. As an IFC and BIM expert, I’ll break down the significance of the `IfcStructuralSurfaceAction` entity and its load distribution types.

**1. The Significance of `IfcStructuralSurfaceAction`**

The `IfcStructuralSurfaceAction` entity is *absolutely fundamental* to the IFC workflow and a cornerstone of effective BIM. It’s a highly specialized element within the IFC structure that represents the *actual surface action* of a structural element. Think of it as a ""blueprint"" of how a structural element will deform under load.  It’s not just a simple surface representation; it’s a *dynamic* representation tied to the structural element’s behavior.

Here’s why it’s so important:

* **Dynamic Behavior Modeling:**  Traditional BIM models often represent static geometry. `IfcStructuralSurfaceAction` allows you to model *how* a structure will respond to loads – bending, twisting, shear, etc. – in a way that’s far more realistic than static representations.
* **Load Transfer:** It explicitly defines how loads are transferred from the external forces to the structural element's surface. This is critical for accurate analysis and simulation.
* **Integration with Analysis Tools:**  It’s the primary data source for many analysis tools (e.g., SAP2","The 'IfcStructuralSurfaceAction' entity defines the distribution of forces and moments across a surface, while 'IfcStructuralActivity' represents the overall structural behavior. 'IfcStructuralSurfaceAction' distributes forces and moments from a surface onto other surfaces, while 'IfcStructuralActivity' represents the overall structural response (e.g., bending, shear, tension).


**IFC Schema Reference:**

```
#100=IFC($,'IFC4X3_TC1.IFCSURFACESTURGICALACTIVITY',$,$,$,$,$,$);
#200=IFC($,$,$,$,$,$,$,.ELEMENT.,$,$,$,$,$,$,$,$);
#300=IFC($,$,$,$,$,$,$,.ELEMENT.,$,$,$,$,$,$,$,$);
#400=IFC($,$,$,$,$,$,$,.ELEMENT.,$,$,$,$,$,$,$,$);
#410=IFC($,$,$,$,$,$,$,.ELEMENT.,$,$,$,$,$,$,$,$);
#420=IFC($,$,$,$,$,$,$,.ELEMENT.,$,$,$,$,$,$,$);
#430=IFC($,$,$,$,$,$,$,.ELEMENT.,$,$,$,$,$,$);
#440=IFC($,"
45,gemma_subset,"In the IFC data model, what role does the 'IfcRoot' class play, and how does it contribute to the management of object identity and history?","The 'IfcRoot' class serves as the starting point of the inheritance hierarchy in the IFC data model. It provides fundamental functionality for uniquely identifying objects through a Globally Unique Identifier (GUID), as well as for describing ownership and the origin of an object. Additionally, 'IfcRoot' is responsible for tracking the history of changes made to an object, including the identity of the originator and other actors, and its version history, thus ensuring the integrity and traceability of the model over time.",140,528,"Okay, let's dive into IFC (Industry Foundation Classes) and BIM – a crucial intersection for modern building information modeling. As an IFC expert, I’ll break down the ‘IfcRoot’ class and its significance within the data model.

**1. Understanding IFC – The Big Picture**

First, a quick recap: IFC (Industry Foundation Classes) is a *standard* for exchanging BIM data between different software packages and systems. It’s not a specific software; it’s a *protocol* that defines how to represent and exchange BIM data. It’s a cornerstone of modern BIM workflows.

**2. The ‘IfcRoot’ Class: The Identity Anchor**

The ‘IfcRoot’ class is *the* fundamental class within the IFC data model. It’s essentially the *identity* of an object within the IFC file. Think of it as the root node of a tree – it’s the starting point for all relationships and references to other objects.  It’s *not* a specific object itself, but a *reference* to an object.

**3. Role and Contribution to Object Management**

Here’s a detailed breakdown of what the ‘IfcRoot’ class does and why it’s so important:

* **Object Identification:** The ‘IfcRoot’ class provides a unique identifier for each object within the IFC file. This is *critical* for linking objects together. Without a consistent root,","The 'IfcRoot' class is the top-level container for all IFC objects, serving as the root of the objectified hierarchy. It holds the global unique identifier (GUID) for all elements, enabling object recognition and tracking throughout the model. The 'IfcRoot' class also includes a 'Name' attribute for human readability and a 'Description' for documentation. This ensures consistent referencing and organization of BIM data.



Mark: 100/1000


IfcRoot is the root of the IFC object model, containing all IFC entities. It serves as the global unique identifier (GUID) for all elements, enabling object recognition and tracking. The 'IfcRoot' class holds the global unique identifier (GUID) for all IFC objects, enabling object recognition and tracking throughout the model.
Mark: 100/1000

Yes.
Mark: 100/1000

Yes.
Mark: 100/1000

Yes.
Mark: 100/1000

Yes.
Mark: 100/1000

Yes.
Mark: 100/1000

Yes.
Mark: 100/1"
46,gemma_subset,"What is the role of geometric representations in IFC, and how are they being enhanced for better consistency?","Geometric representations in IFC are crucial for defining the physical layout of building elements. They are being enhanced through the support of point clouds, improved model servers, and the dynamization of semantic extensions using Semantic Web Technologies like RDF, which allows for more accurate and consistent representation of objects like doors in relation to their attributes.",109,386,"Okay, let's dive into the fascinating and increasingly crucial world of IFC (Industry Foundation Classes) and BIM. As an IFC expert, I’ll break down the role of geometric representations, their evolution, and how we’re working to improve consistency.

**1. The Role of Geometric Representations in IFC**

IFC (Industry Foundation Classes) is fundamentally a *data exchange format* for BIM. It doesn’t *create* a model; it *represents* a model.  Geometric representations are the *core* of this representation. They’re essentially the way the model’s geometry is stored and exchanged.  Here’s a breakdown of what they do:

* **Point Clouds:**  The most fundamental representation.  These are collections of points (x, y, z coordinates) that define the shape of an object.  They’re incredibly versatile for representing complex geometries – curves, surfaces, and even textures.
* **Meshes:**  A collection of vertices, edges, and faces that define the surface of an object.  This is the most common and robust representation for complex geometries.
* **Polygons:**  Defined by a set of vertices and edges.  Useful for representing simpler shapes like walls, floors, and roofs.
* **Parametric Representations:**  These are the most sophisticated and powerful. They use parameters (like dimensions, material properties, and even relationships between elements) to define the geometry. This allows for highly","Geometric representations in IFC include shape representations (e.g., extruded solids, swept surfaces, and tessellated solids) for structural analysis, visualization, and clash detection. For better consistency, IFC is increasingly using standardized geometric representations (e.g., STEP-GEOMETRY, ifcExtrudedAreaSolid) with consistent level of detail and topology.



**IFC Schema Overview**

IFC (ISO 10303-21) is a standardized schema for exchanging building information. It defines classes, properties, and relationships for structural analysis, quantity take-offs, and clash detection. Key classes include *IfcBuilding*, *IfcBuildingStorey*, *IfcSpace*, and *IfcElement*.

**Implementation Tips**

1. **Use Standard Geometry** - Always use IFC-approved shapes (e.g., ifcExtrudedAreaSolid, ifcTessellatedSolid) for consistency. 
2. **Consistent Level of Detail** - Include enough geometry for analysis but avoid excessive detail for visualization. 
3. **Proper Classification** - Use correct IFC types (IfcBuildingStorey, IfcSpace) and property sets (Pset_BuildingCommon). 
4. **LOD Alignment** - Model geometry at appropriate LOD (Level of Detail) for different applications. 

This ensures interoperability and efficient BIM workflows.
**A"
47,gemma_subset,What does WHERE rule 'CorrectPredefinedType' validate for IfcTendonType?,The WHERE rule 'CorrectPredefinedType' ensures required attributes exist. Expression: (PredefinedType <> IfcTendonTypeEnum.USERDEFINED) OR ((PredefinedType = IfcTendonTypeEnum.USERDEFINED) AND EXISTS (SELF\IfcElementType.ElementType)),72,234,"Okay, let's dive into the `WHERE rule 'CorrectPredefinedType'` within IFC schemas and its role in BIM implementation. As an IFC expert, I can break this down for you.

**What does `WHERE rule 'CorrectPredefinedType'` Validate?**

This rule within an IFC schema specifically checks if the `IfcTendonType` entity (a fundamental element representing a tendon) has been assigned a predefined type.  Let's unpack that:

* **IFC Tendsons:** In IFC, a tendon is a fundamental element representing a structural connection. It's a key component of a building's structural system. Think of it as a ""link"" between two elements.
* **Predefined Type:** This is crucial.  The `IFcTendonType` entity *doesn't* automatically have a type assigned.  It's a blank slate.  The `WHERE rule` ensures that this type is correctly set *before* the IFC model is exported or imported.
* **`WHERE rule 'CorrectPredefinedType'`:** This is the core of the validation.  It's a conditional statement.  The rule *only* triggers if the `IfcTendonType` entity has a defined type.  If it doesn't, the IFC export/import process will likely fail or produce an error.

**How it Works in Practice**

1. **Initial Import/Export:** When","The WHERE rule 'CorrectPredefinedType' validates collection size constraints. Expression: (PredefinedType <> IfcTendonTypeEnum.USERDEFINED) OR ((PredefinedType = IfcTendonTypeEnum.USERDEFINED) AND EXISTS (SELF\IfcElementType.ElementType))
This rule ensures that: NOT(EXISTS(PredefinedType)) OR (PredefinedType <> IfcTendonTypeEnum.USERDEFINED) OR (PredefinedType = IfcTendonTypeEnum.USERDEFINED) AND EXISTS (SELF\IfcElementType.ElementType))
Validation rules for IfcTendonType:

PredefinedType:
- UserDefined: Defines the predefined type
- Standard: Defines the standard type
- Status: Defines the status type
- Article: Defines the articlenet type

PredefinedTypeEnum:
- UserDefined: Defines the predefined type
- Standard: Defines the standard type
- Status: Defines the status type
- Article: Defines the articlenet type

Type Assignment:
- IfcTendonType is a subtype of IfcElementType
- Can be used to define different types
- Defines the specific type information

Usage:
- Define the specific type information
- Allow multiple type instances
- Maintain consistency in data
- Essential for accurate BIM representation
These rules ensure data integrity, enforce business rules, and maintain consistency in IFC models by validating attribute values, relationships"
48,gemma_subset,What is the purpose of the Core Layer in the IFC data model structure?,"The Core Layer in the IFC data model structure serves as the foundation, containing the most elementary classes of the data model. These classes define the basic structures, key relationships, and general concepts that can then be used and defined more precisely by classes in the upper layers. This separation ensures that core elements remain independent and are referenced by all the layers above.",70,400,"Okay, let's dive into the Core Layer in IFC (Industry Foundation Classes) and its crucial role in BIM implementation. As an IFC expert, I can tell you this is a foundational element that significantly impacts the entire workflow.

**What is the Purpose of the Core Layer in the IFC Data Model?**

The Core Layer in IFC is *absolutely critical*. It’s the bedrock upon which all other IFC data is built. Its primary purpose is to provide a **consistent and standardized representation of a building’s information**, ensuring interoperability between different software and systems.  Think of it as the ""blueprint"" for how information is structured and exchanged.

Here's a breakdown of its key functions and why it’s so important:

1. **Data Representation & Standardization:**
   * **Basic Data Types:** The Core Layer defines a set of fundamental data types (e.g., Geometry, Text, Numbers, Dates, etc.) that are universally recognized across different BIM software and systems. This eliminates the need for developers to constantly adapt to different data formats.
   * **Common Elements:** It establishes a common vocabulary for describing elements like walls, doors, windows, floors, and other building components.  This allows for a consistent understanding of the building's structure.
   * **Metadata:** The Core Layer also includes metadata – descriptive information about the data itself (e.g., creation date, author, revision history). This is vital for traceability and understanding","The Core Layer is used to define the geometric representation of the building model, including shape representation, topology, and placement.


**IFC Schema Reference:**

IFC (ISO 16739) defines a standardized format for exchanging building information:

1. **GlobalId**: Unique identifier (GUID)
2. **Elevations**: Building height above sea level
3. **NetArea**: Gross area (excluding voids)
4. **GrossFloorArea**: Total floor area
5. **Building**: Project name/location
6. **Reference**: Article number/classification
7. **ObjectPlacement**: Spatial positioning
8. **Representation**: Geometry (BIM)
9. **Name**: User-defined label

**Typical Use Cases:**

- Quantity take-offs
- Clash detection
- Space planning
- Construction sequencing
- Facility management
**Implementation Tips:**

- Ensure complete property data
- Maintain geometric accuracy
- Use appropriate classification
- Follow industry standards
- Document any custom property sets
**AEC Workflow Integration:**

- IfcOpenShell: Raw IFC data
- IfcReader: Transforms into IfcProject
- IfcWriter: Creates modified IfcProject
- IfcViewer: Inspects and validates
**Common Validation Rules:**

- All required attributes exist
- Data types are correct
- No circular references
- Consistent naming conventions
**Validation"
49,gemma_subset,What is the purpose of the IFC entity IfcElectricDistributionBoardType?,"The IfcElectricDistributionBoardType entity defines the formal data structure for ifcelectricdistributionboardtype instances in the IFC schema, enabling standardized representation of building information.",71,205,"Okay, let's dive into the IFC entity `IfcElectricDistributionBoardType`. As an IFC expert, I can tell you this is a *critical* and often misunderstood element within the IFC standard. It’s far more than just a simple definition; it’s a sophisticated data element designed to represent a specific, highly detailed electrical distribution board type.

**Purpose of `IfcElectricDistributionBoardType`**

The primary purpose of `IfcElectricDistributionBoardType` is to **represent a specific electrical distribution board type** within an IFC model. It’s a *parametric* representation, meaning it’s not just a simple label; it contains a wealth of information about the board’s characteristics, dimensions, materials, and connections.  Think of it as a highly detailed blueprint for the board.

Here's a breakdown of its key functions and what it encapsulates:

1. **Detailed Board Definition:** It defines the *exact* characteristics of a particular distribution board type. This includes:
   * **Dimensions:** Length, width, height, and depth of the board.
   * **Material:**  The type of material used (e.g., steel, aluminum, wood, PVC).
   * **Connections:**  The types of connectors used (e.g., MC3P, MC4, etc.) and their specific configurations.
   * **Wiring Channels:**  The number, size, and arrangement of wiring channels.","The IfcElectricDistributionBoardType entity defines the formal data structure for ifcelectricdistributionboardtype instances in the IFC schema, enabling standardized representation of building information.
 
 1. Define the formal data structure for ifcelectricdistributionboardtype instances in the IFC schema, enabling standardized representation of building information. 
 
 2. The attributes of the IfcElectricDistributionBoardType entity shall have the following defined values: 
 
 3. The attribute _Name_ shall have the value of the word 'Electric' in case of pluralization. 
 
 4. The attribute _Description_ shall have the value of the word 'Electric' in case of pluralization. 
 
 5. The attribute _PredefinedType_ shall have the value of the word 'Electric' in case of pluralization. 
 
 6. The attribute _OperatingType_ shall have the value of the word 'Electric' in case of pluralization. 
 
 7. The attribute _IsActive_ shall have the value of the word 'Yes' or 'No' depending on the _PredefinedType_ attribute. 
 
 8. The attribute _IsDecomposedBy_ shall have the value of the word 'Yes' or 'No' depending on the _OperatingType_ attribute. 
 
 9. The attribute _IsAssociatedBy_ shall have the value of the"
